song_id,title,artist,cluster_id,cluster_name,region_role,boundary_flag,descriptor_conflict_flag,encoding_issue_flag,explicit_title_flag,main_text_eligible,selected_role,balanced_valence,balanced_arousal,region_typicality,region_confidence,region_margin,nearest_alt_cluster,nearest_alt_cluster_weight,D_region_C0,D_region_C1,D_region_C2,D_region_C3,w_region_C0,w_region_C1,w_region_C2,w_region_C3,tension_label,tension_name,tension_dv,tension_da,tension_norm,tension_typicality,tension_strength_percentile,dv_percentile_within_region,da_percentile_within_region,top_descriptors_json,top_descriptor_raw_score,top_descriptor_display_weight,chinese_interpretation,english_interpretation,D_mahalanobis_C0,D_mahalanobis_C1,D_mahalanobis_C2,D_mahalanobis_C3,D_tension_assigned,w_tension_assigned,tension_weights_json,abs_dv_percentile_within_region,abs_da_percentile_within_region
A157-71,Yesterday,The Beatles,0,Subdued Melancholy,prototype,False,False,False,False,True,region_prototype,0.39772,0.27077,0.9512195121951219,0.8338635628058232,1.586174686995907,C1 Gentle Warmth,0.141994881007745,0.32298064196483034,1.9091553289607375,2.6835784752440017,4.155233032488243,0.8338635628058232,0.141994881007745,0.023985064553539926,0.0001564916328918696,C0-T0,modality-consistent,0.13840002,0.06410001,0.15252337,0.9795918367346939,0.13821138211382114,0.22764227642276422,0.26504065040650404,"[{""descriptor"": ""introspective"", ""raw_descriptor_score"": 0.793187, ""display_descriptor_weight"": 1.0, ""weight"": 1.0}, {""descriptor"": ""low arousal"", ""raw_descriptor_score"": 0.793187, ""display_descriptor_weight"": 1.0, ""weight"": 1.0}, {""descriptor"": ""melancholic"", ""raw_descriptor_score"": 0.793187, ""display_descriptor_weight"": 1.0, ""weight"": 1.0}, {""descriptor"": ""somber"", ""raw_descriptor_score"": 0.793187, ""display_descriptor_weight"": 1.0, ""weight"": 1.0}, {""descriptor"": ""subdued melancholy"", ""raw_descriptor_score"": 0.793187, ""display_descriptor_weight"": 1.0, ""weight"": 1.0}, {""descriptor"": ""affective concordance"", ""raw_descriptor_score"": 0.307226, ""display_descriptor_weight"": 0.387331, ""weight"": 0.387331}, {""descriptor"": ""audio-lyric agreement"", ""raw_descriptor_score"": 0.307226, ""display_descriptor_weight"": 0.387331, ""weight"": 0.387331}]",0.793187,1.0,该歌曲属于 Subdued Melancholy 区域，是高度原型样本；region typicality 为 95.1%，其 balanced VA 位置相对该区域原型的 soft confidence 为 83.4%。该样本与最近替代区域 C1 Gentle Warmth 明显分离（region margin=1.586）。其 calibrated cross-modal tension / audio-lyric contrast profile 被标注为 C0-T0 / modality-consistent，tension strength percentile 为 13.8%；张力强度较低，因此不把小的音频-歌词方向差解释为主要证据。综合 descriptor profile 的高权重词包括：introspective、low arousal、melancholic、somber、subdued melancholy。,"The song is assigned to Subdued Melancholy and is highly prototypical, with region typicality 95.1% and assigned-region soft confidence 83.4%; it is clearly separated from the nearest alternative region, C1 Gentle Warmth (region margin=1.586). The calibrated cross-modal tension / audio-lyric contrast profile is C0-T0 / modality-consistent, with tension strength percentile 13.8%; tension strength is low, so small audio-lyric directional differences are not used as primary evidence. The top descriptor profile is: introspective, low arousal, melancholic, somber, subdued melancholy.",0.3601369839711291,2.5497779167420282,2.997594482624426,4.063274375258825,0.24456991353283042,0.8960761332093956,"{""C0-T0"": 0.8960761332093956, ""C0-T1"": 0.10392386679060431}",0.22276422764227644,0.23577235772357724
A004,I'm So Lonesome I Could Cry,Johnny Cash,0,Subdued Melancholy,boundary,True,True,False,False,False,boundary_case,0.27638003,0.32083,0.05040650406504066,0.47284002878185616,-0.051408908682111676,C2 Volatile Intensity,0.5203465392381262,1.8879864581591483,3.4710419728866007,1.8365775494770367,4.951488616944943,0.47284002878185616,0.006800100354434697,0.5203465392381262,1.3331625582936876e-05,C0-T0,modality-consistent,0.1538,0.004999995,0.15388125,0.4985422740524781,0.14146341463414633,0.2845528455284553,0.11707317073170732,"[{""descriptor"": ""boundary between assigned region and nearest alternative"", ""raw_descriptor_score"": 1.520347, ""display_descriptor_weight"": 1.0, ""weight"": 1.0}, {""descriptor"": ""nearest alternative: C2 Volatile Intensity"", ""raw_descriptor_score"": 0.260173, ""display_descriptor_weight"": 0.171128, ""weight"": 0.171128}, {""descriptor"": ""assigned region: Subdued Melancholy"", ""raw_descriptor_score"": 0.23642, ""display_descriptor_weight"": 0.155504, ""weight"": 0.155504}, {""descriptor"": ""affective concordance"", ""raw_descriptor_score"": 0.1625, ""display_descriptor_weight"": 0.106884, ""weight"": 0.106884}, {""descriptor"": ""audio-lyric agreement"", ""raw_descriptor_score"": 0.1625, ""display_descriptor_weight"": 0.106884, ""weight"": 0.106884}]",1.520347,1.0,该歌曲属于 Subdued Melancholy 区域，是边界样本，不应用作主区域证据；region typicality 为 5.0%，其 balanced VA 位置相对该区域原型的 soft confidence 为 47.3%。该样本在 post-hoc prototype 距离下更接近 C2 Volatile Intensity，只能作为边界/歧义案例使用（region margin=-0.051）。其 calibrated cross-modal tension / audio-lyric contrast profile 被标注为 C0-T0 / modality-consistent，tension strength percentile 为 14.1%；张力强度较低，因此不把小的音频-歌词方向差解释为主要证据。综合 descriptor profile 的高权重词包括：boundary between assigned region and nearest alternative、nearest alternative: C2 Volatile Intensity、assigned region: Subdued Melancholy、affective concordance、audio-lyric agreement。,"The song is assigned to Subdued Melancholy and is a boundary case, not used as main region evidence, with region typicality 5.0% and assigned-region soft confidence 47.3%; post-hoc prototype distance places it closer to C2 Volatile Intensity; use it only as a boundary or ambiguity case (region margin=-0.051). The calibrated cross-modal tension / audio-lyric contrast profile is C0-T0 / modality-consistent, with tension strength percentile 14.1%; tension strength is low, so small audio-lyric directional differences are not used as primary evidence. The top descriptor profile is: boundary between assigned region and nearest alternative, nearest alternative: C2 Volatile Intensity, assigned region: Subdued Melancholy, affective concordance, audio-lyric agreement.",2.1089877355180975,4.527083997976688,2.0217167835465806,4.985611108785166,1.0082134742966147,0.931287600257022,"{""C0-T0"": 0.931287600257022, ""C0-T1"": 0.06871239974297806}",0.28292682926829266,0.01788617886178862
A048,Everybody Hurts,R.E.M.,0,Subdued Melancholy,boundary,True,False,False,False,False,boundary_case,0.43912,0.28045002,0.5024390243902439,0.5813550164198136,0.3188335630061061,C1 Gentle Warmth,0.40173758540066146,0.9996911482678632,1.3185247112739693,2.861354554691292,3.7258860132458382,0.5813550164198136,0.40173758540066146,0.015980638026871413,0.000926760152653662,C0-T0,modality-consistent,0.06740001,0.023299992,0.071313746,0.4256559766763849,0.014634146341463415,0.07642276422764227,0.15447154471544716,"[{""descriptor"": ""boundary between assigned region and nearest alternative"", ""raw_descriptor_score"": 1.581355, ""display_descriptor_weight"": 1.0, ""weight"": 1.0}, {""descriptor"": ""assigned region: Subdued Melancholy"", ""raw_descriptor_score"": 0.290678, ""display_descriptor_weight"": 0.183815, ""weight"": 0.183815}, {""descriptor"": ""nearest alternative: C1 Gentle Warmth"", ""raw_descriptor_score"": 0.200869, ""display_descriptor_weight"": 0.127023, ""weight"": 0.127023}, {""descriptor"": ""affective concordance"", ""raw_descriptor_score"": 0.145817, ""display_descriptor_weight"": 0.09221, ""weight"": 0.09221}, {""descriptor"": ""audio-lyric agreement"", ""raw_descriptor_score"": 0.145817, ""display_descriptor_weight"": 0.09221, ""weight"": 0.09221}]",1.581355,1.0,该歌曲属于 Subdued Melancholy 区域，是边界样本，不应用作主区域证据；region typicality 为 50.2%，其 balanced VA 位置相对该区域原型的 soft confidence 为 58.1%。该样本与最近替代区域 C1 Gentle Warmth 有一定接近性，但仍保留正 margin（region margin=0.319）。其 calibrated cross-modal tension / audio-lyric contrast profile 被标注为 C0-T0 / modality-consistent，tension strength percentile 为 1.5%；张力强度较低，因此不把小的音频-歌词方向差解释为主要证据。综合 descriptor profile 的高权重词包括：boundary between assigned region and nearest alternative、assigned region: Subdued Melancholy、nearest alternative: C1 Gentle Warmth、affective concordance、audio-lyric agreement。,"The song is assigned to Subdued Melancholy and is a boundary case, not used as main region evidence, with region typicality 50.2% and assigned-region soft confidence 58.1%; it is moderately close to the nearest alternative region, C1 Gentle Warmth, while retaining a positive margin (region margin=0.319). The calibrated cross-modal tension / audio-lyric contrast profile is C0-T0 / modality-consistent, with tension strength percentile 1.5%; tension strength is low, so small audio-lyric directional differences are not used as primary evidence. The top descriptor profile is: boundary between assigned region and nearest alternative, assigned region: Subdued Melancholy, nearest alternative: C1 Gentle Warmth, affective concordance, audio-lyric agreement.",1.1338917463593907,1.7615359575916167,3.251301062347215,3.658532295163093,1.1470555231767017,0.9787685681863022,"{""C0-T0"": 0.9787685681863022, ""C0-T1"": 0.021231431813697785}",0.06504065040650407,0.07642276422764227
A045,Hurt,Johnny Cash,0,Subdued Melancholy,peripheral,False,False,False,False,True,tension_case,0.25178,0.21507001,0.013008130081300862,0.9369822100992439,0.9552463200322059,C2 Volatile Intensity,0.05992132879069683,2.400829992153765,4.145954969061711,3.3560763121859707,6.016360858754336,0.9369822100992439,0.003096230236964095,0.05992132879069683,2.3087309522445251e-07,C0-T1,lyric-brightened + lyric-intensified + high cross-modal tension,0.3193,0.2236,0.38980693,0.6470588235294117,0.8991869918699187,0.8536585365853658,0.8845528455284553,"[{""descriptor"": ""audio-lyric contrast"", ""raw_descriptor_score"": 0.558777, ""display_descriptor_weight"": 1.0, ""weight"": 1.0}, {""descriptor"": ""high cross-modal tension"", ""raw_descriptor_score"": 0.558777, ""display_descriptor_weight"": 1.0, ""weight"": 1.0}, {""descriptor"": ""lyric arousal intensification"", ""raw_descriptor_score"": 0.558777, ""display_descriptor_weight"": 1.0, ""weight"": 1.0}, {""descriptor"": ""lyric valence uplift"", ""raw_descriptor_score"": 0.558777, ""display_descriptor_weight"": 1.0, ""weight"": 1.0}, {""descriptor"": ""lyrics brighten the affect"", ""raw_descriptor_score"": 0.558777, ""display_descriptor_weight"": 1.0, ""weight"": 1.0}, {""descriptor"": ""lyrics intensify the affect"", ""raw_descriptor_score"": 0.558777, ""display_descriptor_weight"": 1.0, ""weight"": 1.0}, {""descriptor"": ""introspective"", ""raw_descriptor_score"": 0.234246, ""display_descriptor_weight"": 0.419211, ""weight"": 0.419211}, {""descriptor"": ""low arousal"", ""raw_descriptor_score"": 0.234246, ""display_descriptor_weight"": 0.419211, ""weight"": 0.419211}]",0.558777,1.0,该歌曲属于 Subdued Melancholy 区域，是所属区域内的外围样本；region typicality 为 1.3%，其 balanced VA 位置相对该区域原型的 soft confidence 为 93.7%。该样本与最近替代区域 C2 Volatile Intensity 有一定接近性，但仍保留正 margin（region margin=0.955）。其 calibrated cross-modal tension / audio-lyric contrast profile 被标注为 C0-T1 / lyric-brightened + lyric-intensified + high cross-modal tension，tension strength percentile 为 89.9%；歌词侧相对音频侧更明亮/更正向；歌词侧更激活。综合 descriptor profile 的高权重词包括：audio-lyric contrast、high cross-modal tension、lyric arousal intensification、lyric valence uplift、lyrics brighten the affect。,"The song is assigned to Subdued Melancholy and is peripheral within the assigned region, with region typicality 1.3% and assigned-region soft confidence 93.7%; it is moderately close to the nearest alternative region, C2 Volatile Intensity, while retaining a positive margin (region margin=0.955). The calibrated cross-modal tension / audio-lyric contrast profile is C0-T1 / lyric-brightened + lyric-intensified + high cross-modal tension, with tension strength percentile 89.9%; the lyrics are brighter or more positive than the audio; the lyrics are more activating. The top descriptor profile is: audio-lyric contrast, high cross-modal tension, lyric arousal intensification, lyric valence uplift, lyrics brighten the affect.",2.936913274607824,5.533165518600199,3.6872510145387727,5.918226446076831,0.8099881010427984,0.9603839972929109,"{""C0-T0"": 0.03961600270708912, ""C0-T1"": 0.9603839972929109}",0.8536585365853658,0.8845528455284553
A034,Natural Disaster,Anathema,0,Subdued Melancholy,peripheral,False,False,False,False,True,tension_case,0.28422,0.27259,0.12032520325203255,0.8429681180976292,0.850669431893224,C2 Volatile Intensity,0.1488926169711902,1.6127116955700622,3.4470611101220903,2.463381127463286,5.2175470207778565,0.8429681180976292,0.008135469851274585,0.1488926169711902,3.7950799058783233e-06,C0-T1,lyric-brightened + lyric-intensified + high cross-modal tension,0.2739,0.19039999,0.33357662,0.8897058823529411,0.759349593495935,0.7235772357723578,0.8,"[{""descriptor"": ""audio-lyric contrast"", ""raw_descriptor_score"": 0.586666, ""display_descriptor_weight"": 1.0, ""weight"": 1.0}, {""descriptor"": ""high cross-modal tension"", ""raw_descriptor_score"": 0.586666, ""display_descriptor_weight"": 1.0, ""weight"": 1.0}, {""descriptor"": ""lyric arousal intensification"", ""raw_descriptor_score"": 0.586666, ""display_descriptor_weight"": 1.0, ""weight"": 1.0}, {""descriptor"": ""lyric valence uplift"", ""raw_descriptor_score"": 0.586666, ""display_descriptor_weight"": 1.0, ""weight"": 1.0}, {""descriptor"": ""lyrics brighten the affect"", ""raw_descriptor_score"": 0.586666, ""display_descriptor_weight"": 1.0, ""weight"": 1.0}, {""descriptor"": ""lyrics intensify the affect"", ""raw_descriptor_score"": 0.586666, ""display_descriptor_weight"": 1.0, ""weight"": 1.0}, {""descriptor"": ""introspective"", ""raw_descriptor_score"": 0.210742, ""display_descriptor_weight"": 0.35922, ""weight"": 0.35922}, {""descriptor"": ""low arousal"", ""raw_descriptor_score"": 0.210742, ""display_descriptor_weight"": 0.35922, ""weight"": 0.35922}]",0.586666,1.0,该歌曲属于 Subdued Melancholy 区域，是所属区域内的外围样本；region typicality 为 12.0%，其 balanced VA 位置相对该区域原型的 soft confidence 为 84.3%。该样本与最近替代区域 C2 Volatile Intensity 有一定接近性，但仍保留正 margin（region margin=0.851）。其 calibrated cross-modal tension / audio-lyric contrast profile 被标注为 C0-T1 / lyric-brightened + lyric-intensified + high cross-modal tension，tension strength percentile 为 75.9%；歌词侧相对音频侧更明亮/更正向；歌词侧更激活。综合 descriptor profile 的高权重词包括：audio-lyric contrast、high cross-modal tension、lyric arousal intensification、lyric valence uplift、lyrics brighten the affect。,"The song is assigned to Subdued Melancholy and is peripheral within the assigned region, with region typicality 12.0% and assigned-region soft confidence 84.3%; it is moderately close to the nearest alternative region, C2 Volatile Intensity, while retaining a positive margin (region margin=0.851). The calibrated cross-modal tension / audio-lyric contrast profile is C0-T1 / lyric-brightened + lyric-intensified + high cross-modal tension, with tension strength percentile 75.9%; the lyrics are brighter or more positive than the audio; the lyrics are more activating. The top descriptor profile is: audio-lyric contrast, high cross-modal tension, lyric arousal intensification, lyric valence uplift, lyrics brighten the affect.",1.8308264761994177,4.568288058496827,2.6989310750532494,5.163322654988462,0.451530532468227,0.8683659301454703,"{""C0-T0"": 0.13163406985452977, ""C0-T1"": 0.8683659301454703}",0.7235772357723578,0.8
A061-66,Mad World,Gary Jules,0,Subdued Melancholy,prototype,False,False,False,False,True,region_prototype,0.38046002,0.28855002,0.9853658536585366,0.8426997297429054,1.869913881169355,C1 Gentle Warmth,0.10410155981843841,0.1834067251320303,2.0533206063013854,2.359030029217721,4.135753566105659,0.8426997297429054,0.10410155981843841,0.05303321291784852,0.00016549752080762773,C0-T1,lyric-brightened + lyric-intensified + high cross-modal tension,0.143,0.2398,0.2792007,0.13235294117647056,0.5934959349593496,0.24065040650406505,0.9105691056910569,"[{""descriptor"": ""introspective"", ""raw_descriptor_score"": 0.830368, ""display_descriptor_weight"": 1.0, ""weight"": 1.0}, {""descriptor"": ""low arousal"", ""raw_descriptor_score"": 0.830368, ""display_descriptor_weight"": 1.0, ""weight"": 1.0}, {""descriptor"": ""melancholic"", ""raw_descriptor_score"": 0.830368, ""display_descriptor_weight"": 1.0, ""weight"": 1.0}, {""descriptor"": ""somber"", ""raw_descriptor_score"": 0.830368, ""display_descriptor_weight"": 1.0, ""weight"": 1.0}, {""descriptor"": ""subdued melancholy"", ""raw_descriptor_score"": 0.830368, ""display_descriptor_weight"": 1.0, ""weight"": 1.0}, {""descriptor"": ""lyric arousal intensification"", ""raw_descriptor_score"": 0.27021, ""display_descriptor_weight"": 0.32541, ""weight"": 0.32541}, {""descriptor"": ""lyrics intensify the affect"", ""raw_descriptor_score"": 0.27021, ""display_descriptor_weight"": 0.32541, ""weight"": 0.32541}, {""descriptor"": ""lyric valence uplift"", ""raw_descriptor_score"": 0.071413, ""display_descriptor_weight"": 0.086001, ""weight"": 0.086001}]",0.830368,1.0,该歌曲属于 Subdued Melancholy 区域，是高度原型样本；region typicality 为 98.5%，其 balanced VA 位置相对该区域原型的 soft confidence 为 84.3%。该样本与最近替代区域 C1 Gentle Warmth 明显分离（region margin=1.870）。其 calibrated cross-modal tension / audio-lyric contrast profile 被标注为 C0-T1 / lyric-brightened + lyric-intensified + high cross-modal tension，tension strength percentile 为 59.3%；歌词侧相对音频侧更明亮/更正向；歌词侧更激活。综合 descriptor profile 的高权重词包括：introspective、low arousal、melancholic、somber、subdued melancholy。,"The song is assigned to Subdued Melancholy and is highly prototypical, with region typicality 98.5% and assigned-region soft confidence 84.3%; it is clearly separated from the nearest alternative region, C1 Gentle Warmth (region margin=1.870). The calibrated cross-modal tension / audio-lyric contrast profile is C0-T1 / lyric-brightened + lyric-intensified + high cross-modal tension, with tension strength percentile 59.3%; the lyrics are brighter or more positive than the audio; the lyrics are more activating. The top descriptor profile is: introspective, low arousal, melancholic, somber, subdued melancholy.",0.2489875722619971,2.72773632160659,2.625418526917399,4.04672957520673,1.916651902753575,0.5746178731356536,"{""C0-T0"": 0.42538212686434634, ""C0-T1"": 0.5746178731356536}",0.23739837398373984,0.9105691056910569
A171,Say Something,A Great Big World,0,Subdued Melancholy,prototype,False,False,False,False,True,tension_case,0.37022,0.27697003,0.9886178861788618,0.8844361688562796,2.08023263038092,C1 Gentle Warmth,0.07249744735305041,0.1623448690965424,2.2425774994774623,2.464590017185321,4.336760956175587,0.8844361688562796,0.07249744735305041,0.04299252642395716,7.385736671280688e-05,C0-T1,lyric-brightened + lyric-intensified + high cross-modal tension,0.3129,0.16660002,0.3544883,0.9852941176470589,0.8341463414634146,0.8341463414634146,0.7024390243902439,"[{""descriptor"": ""introspective"", ""raw_descriptor_score"": 0.874369, ""display_descriptor_weight"": 1.0, ""weight"": 1.0}, {""descriptor"": ""low arousal"", ""raw_descriptor_score"": 0.874369, ""display_descriptor_weight"": 1.0, ""weight"": 1.0}, {""descriptor"": ""melancholic"", ""raw_descriptor_score"": 0.874369, ""display_descriptor_weight"": 1.0, ""weight"": 1.0}, {""descriptor"": ""somber"", ""raw_descriptor_score"": 0.874369, ""display_descriptor_weight"": 1.0, ""weight"": 1.0}, {""descriptor"": ""subdued melancholy"", ""raw_descriptor_score"": 0.874369, ""display_descriptor_weight"": 1.0, ""weight"": 1.0}, {""descriptor"": ""audio-lyric contrast"", ""raw_descriptor_score"": 0.74481, ""display_descriptor_weight"": 0.851825, ""weight"": 0.851825}, {""descriptor"": ""high cross-modal tension"", ""raw_descriptor_score"": 0.74481, ""display_descriptor_weight"": 0.851825, ""weight"": 0.851825}, {""descriptor"": ""lyric arousal intensification"", ""raw_descriptor_score"": 0.74481, ""display_descriptor_weight"": 0.851825, ""weight"": 0.851825}]",0.874369,1.0,该歌曲属于 Subdued Melancholy 区域，是高度原型样本；region typicality 为 98.9%，其 balanced VA 位置相对该区域原型的 soft confidence 为 88.4%。该样本与最近替代区域 C1 Gentle Warmth 明显分离（region margin=2.080）。其 calibrated cross-modal tension / audio-lyric contrast profile 被标注为 C0-T1 / lyric-brightened + lyric-intensified + high cross-modal tension，tension strength percentile 为 83.4%；歌词侧相对音频侧更明亮/更正向；歌词侧更激活。综合 descriptor profile 的高权重词包括：introspective、low arousal、melancholic、somber、subdued melancholy。,"The song is assigned to Subdued Melancholy and is highly prototypical, with region typicality 98.9% and assigned-region soft confidence 88.4%; it is clearly separated from the nearest alternative region, C1 Gentle Warmth (region margin=2.080). The calibrated cross-modal tension / audio-lyric contrast profile is C0-T1 / lyric-brightened + lyric-intensified + high cross-modal tension, with tension strength percentile 83.4%; the lyrics are brighter or more positive than the audio; the lyrics are more activating. The top descriptor profile is: introspective, low arousal, melancholic, somber, subdued melancholy.",0.18483667125804182,2.9863038359846383,2.728489275080486,4.243058471904036,0.15645711425241798,0.9062278091280521,"{""C0-T0"": 0.09377219087194784, ""C0-T1"": 0.9062278091280521}",0.8341463414634146,0.6991869918699187
MT0003274067,Driving,Arab Strap,0,Subdued Melancholy,prototype,False,False,False,False,True,region_prototype,0.40900004,0.28273,0.8715447154471545,0.763985211535591,1.1937843317140837,C1 Gentle Warmth,0.20659836843937296,0.4985919497821222,1.692376281496206,2.6053084365015544,3.9414931645691533,0.763985211535591,0.20659836843937296,0.029050316373453254,0.00036610365158286427,C0-T1,lyric-brightened + lyric-intensified + high cross-modal tension,0.38310003,0.3165,0.49692845,0.1029411764705882,0.983739837398374,0.9463414634146341,0.9853658536585366,"[{""descriptor"": ""introspective"", ""raw_descriptor_score"": 0.665847, ""display_descriptor_weight"": 1.0, ""weight"": 1.0}, {""descriptor"": ""low arousal"", ""raw_descriptor_score"": 0.665847, ""display_descriptor_weight"": 1.0, ""weight"": 1.0}, {""descriptor"": ""melancholic"", ""raw_descriptor_score"": 0.665847, ""display_descriptor_weight"": 1.0, ""weight"": 1.0}, {""descriptor"": ""somber"", ""raw_descriptor_score"": 0.665847, ""display_descriptor_weight"": 1.0, ""weight"": 1.0}, {""descriptor"": ""subdued melancholy"", ""raw_descriptor_score"": 0.665847, ""display_descriptor_weight"": 1.0, ""weight"": 1.0}, {""descriptor"": ""lyric arousal intensification"", ""raw_descriptor_score"": 0.484672, ""display_descriptor_weight"": 0.727902, ""weight"": 0.727902}, {""descriptor"": ""lyrics intensify the affect"", ""raw_descriptor_score"": 0.484672, ""display_descriptor_weight"": 0.727902, ""weight"": 0.727902}, {""descriptor"": ""lyric valence uplift"", ""raw_descriptor_score"": 0.465477, ""display_descriptor_weight"": 0.699075, ""weight"": 0.699075}]",0.665847,1.0,该歌曲属于 Subdued Melancholy 区域，是高度原型样本；region typicality 为 87.2%，其 balanced VA 位置相对该区域原型的 soft confidence 为 76.4%。该样本与最近替代区域 C1 Gentle Warmth 明显分离（region margin=1.194）。其 calibrated cross-modal tension / audio-lyric contrast profile 被标注为 C0-T1 / lyric-brightened + lyric-intensified + high cross-modal tension，tension strength percentile 为 98.4%；歌词侧相对音频侧更明亮/更正向；歌词侧更激活。综合 descriptor profile 的高权重词包括：introspective、low arousal、melancholic、somber、subdued melancholy。,"The song is assigned to Subdued Melancholy and is highly prototypical, with region typicality 87.2% and assigned-region soft confidence 76.4%; it is clearly separated from the nearest alternative region, C1 Gentle Warmth (region margin=1.194). The calibrated cross-modal tension / audio-lyric contrast profile is C0-T1 / lyric-brightened + lyric-intensified + high cross-modal tension, with tension strength percentile 98.4%; the lyrics are brighter or more positive than the audio; the lyrics are more activating. The top descriptor profile is: introspective, low arousal, melancholic, somber, subdued melancholy.",0.5766741530603428,2.257932052758966,2.929257715136107,3.8544796459607715,2.1422820110063197,0.9969108990033949,"{""C0-T0"": 0.003089100996604981, ""C0-T1"": 0.9969108990033949}",0.9463414634146341,0.9853658536585366
A024,Paradise,Sade,1,Gentle Warmth,peripheral,False,False,False,False,False,appendix_only,0.63376,0.31093,0.08112094395280234,0.9000266935151169,1.0117810437415862,C3 Playful Vitality,0.0996078961002792,4.313501324129606,1.66966217937595,4.8071282063727905,2.6814432231175362,0.0003306031658163666,0.9000266935151169,3.4807218787630774e-05,0.0996078961002792,C1-T0,modality-consistent,-0.008000016,0.065,0.06549046,0.8488372093023255,0.10176991150442478,0.2168141592920354,0.43952802359882004,"[{""descriptor"": ""affective concordance"", ""raw_descriptor_score"": 0.271285, ""display_descriptor_weight"": 1.0, ""weight"": 1.0}, {""descriptor"": ""audio-lyric agreement"", ""raw_descriptor_score"": 0.271285, ""display_descriptor_weight"": 1.0, ""weight"": 1.0}, {""descriptor"": ""calm-positive"", ""raw_descriptor_score"": 0.225007, ""display_descriptor_weight"": 0.829411, ""weight"": 0.829411}, {""descriptor"": ""gentle warmth"", ""raw_descriptor_score"": 0.225007, ""display_descriptor_weight"": 0.829411, ""weight"": 0.829411}, {""descriptor"": ""romantic"", ""raw_descriptor_score"": 0.225007, ""display_descriptor_weight"": 0.829411, ""weight"": 0.829411}, {""descriptor"": ""soft"", ""raw_descriptor_score"": 0.225007, ""display_descriptor_weight"": 0.829411, ""weight"": 0.829411}, {""descriptor"": ""warm"", ""raw_descriptor_score"": 0.225007, ""display_descriptor_weight"": 0.829411, ""weight"": 0.829411}]",0.271285,1.0,该歌曲属于 Gentle Warmth 区域，是所属区域内的外围样本；region typicality 为 8.1%，其 balanced VA 位置相对该区域原型的 soft confidence 为 90.0%。该样本与最近替代区域 C3 Playful Vitality 明显分离（region margin=1.012）。其 calibrated cross-modal tension / audio-lyric contrast profile 被标注为 C1-T0 / modality-consistent，tension strength percentile 为 10.2%；张力强度较低，因此不把小的音频-歌词方向差解释为主要证据。综合 descriptor profile 的高权重词包括：affective concordance、audio-lyric agreement、calm-positive、gentle warmth、romantic。,"The song is assigned to Gentle Warmth and is peripheral within the assigned region, with region typicality 8.1% and assigned-region soft confidence 90.0%; it is clearly separated from the nearest alternative region, C3 Playful Vitality (region margin=1.012). The calibrated cross-modal tension / audio-lyric contrast profile is C1-T0 / modality-consistent, with tension strength percentile 10.2%; tension strength is low, so small audio-lyric directional differences are not used as primary evidence. The top descriptor profile is: affective concordance, audio-lyric agreement, calm-positive, gentle warmth, romantic.",4.954271928123735,2.13923118104324,5.688357190879237,3.089383810766208,0.5028156079035705,0.9131306416671501,"{""C1-T0"": 0.9131306416671501, ""C1-T1"": 0.08686935833284998}",0.03392330383480826,0.30973451327433627
A017,Just The Way You Are,Billy Joel,1,Gentle Warmth,peripheral,False,False,False,False,False,appendix_only,0.66652,0.32468998,0.02359882005899705,0.7576465116948815,0.48213472155585535,C3 Playful Vitality,0.24229634911168188,4.89326674846757,2.1235318319716807,5.167165672651115,2.605666553527536,4.563323082661504e-05,0.7576465116948815,1.1505962610019678e-05,0.24229634911168188,C1-T0,modality-consistent,-0.19709998,0.1349,0.2388439,0.03953488372093028,0.7684365781710915,0.011799410029498525,0.6696165191740413,"[{""descriptor"": ""lyric valence tempering"", ""raw_descriptor_score"": 0.316215, ""display_descriptor_weight"": 1.0, ""weight"": 1.0}, {""descriptor"": ""lyrics darken the affect"", ""raw_descriptor_score"": 0.316215, ""display_descriptor_weight"": 1.0, ""weight"": 1.0}, {""descriptor"": ""lyric arousal intensification"", ""raw_descriptor_score"": 0.257279, ""display_descriptor_weight"": 0.81362, ""weight"": 0.81362}, {""descriptor"": ""lyrics intensify the affect"", ""raw_descriptor_score"": 0.257279, ""display_descriptor_weight"": 0.81362, ""weight"": 0.81362}, {""descriptor"": ""calm-positive"", ""raw_descriptor_score"": 0.189412, ""display_descriptor_weight"": 0.598996, ""weight"": 0.598996}, {""descriptor"": ""gentle warmth"", ""raw_descriptor_score"": 0.189412, ""display_descriptor_weight"": 0.598996, ""weight"": 0.598996}, {""descriptor"": ""romantic"", ""raw_descriptor_score"": 0.189412, ""display_descriptor_weight"": 0.598996, ""weight"": 0.598996}, {""descriptor"": ""soft"", ""raw_descriptor_score"": 0.189412, ""display_descriptor_weight"": 0.598996, ""weight"": 0.598996}]",0.316215,1.0,该歌曲属于 Gentle Warmth 区域，是所属区域内的外围样本；region typicality 为 2.4%，其 balanced VA 位置相对该区域原型的 soft confidence 为 75.8%。该样本与最近替代区域 C3 Playful Vitality 有一定接近性，但仍保留正 margin（region margin=0.482）。其 calibrated cross-modal tension / audio-lyric contrast profile 被标注为 C1-T0 / modality-consistent，tension strength percentile 为 76.8%；歌词侧相对音频侧更暗/更负向；歌词侧更激活。综合 descriptor profile 的高权重词包括：lyric valence tempering、lyrics darken the affect、lyric arousal intensification、lyrics intensify the affect、calm-positive。,"The song is assigned to Gentle Warmth and is peripheral within the assigned region, with region typicality 2.4% and assigned-region soft confidence 75.8%; it is moderately close to the nearest alternative region, C3 Playful Vitality, while retaining a positive margin (region margin=0.482). The calibrated cross-modal tension / audio-lyric contrast profile is C1-T0 / modality-consistent, with tension strength percentile 76.8%; the lyrics darken the affect relative to the audio; the lyrics are more activating. The top descriptor profile is: lyric valence tempering, lyrics darken the affect, lyric arousal intensification, lyrics intensify the affect, calm-positive.",5.650799548341909,2.7581326597539073,6.1339390528006525,3.115118958992542,2.3082549263797465,0.9945205094633673,"{""C1-T0"": 0.9945205094633673, ""C1-T1"": 0.005479490536632572}",0.8230088495575221,0.612094395280236
A021,That's What Friends Are For,Dionne Warwick,1,Gentle Warmth,representative,False,False,False,False,True,tension_case,0.51866,0.25931,0.5265486725663717,0.906009508494489,1.3876654097001522,C0 Subdued Melancholy,0.08990648877980434,2.3587006681513847,0.9710352584512325,3.830122023925239,3.5034982034260516,0.08990648877980434,0.906009508494489,0.0009470410668921123,0.0031369616588143878,C1-T1,lyric-brightened + lyric-intensified,0.21849999,0.15920001,0.27034587,0.9112903225806451,0.8171091445427728,0.8820058997050148,0.7492625368731564,"[{""descriptor"": ""audio-lyric contrast"", ""raw_descriptor_score"": 0.67567, ""display_descriptor_weight"": 1.0, ""weight"": 1.0}, {""descriptor"": ""high cross-modal tension"", ""raw_descriptor_score"": 0.67567, ""display_descriptor_weight"": 1.0, ""weight"": 1.0}, {""descriptor"": ""lyric arousal intensification"", ""raw_descriptor_score"": 0.67567, ""display_descriptor_weight"": 1.0, ""weight"": 1.0}, {""descriptor"": ""lyric valence uplift"", ""raw_descriptor_score"": 0.67567, ""display_descriptor_weight"": 1.0, ""weight"": 1.0}, {""descriptor"": ""lyrics brighten the affect"", ""raw_descriptor_score"": 0.67567, ""display_descriptor_weight"": 1.0, ""weight"": 1.0}, {""descriptor"": ""lyrics intensify the affect"", ""raw_descriptor_score"": 0.67567, ""display_descriptor_weight"": 1.0, ""weight"": 1.0}, {""descriptor"": ""calm-positive"", ""raw_descriptor_score"": 0.477058, ""display_descriptor_weight"": 0.706052, ""weight"": 0.706052}, {""descriptor"": ""gentle warmth"", ""raw_descriptor_score"": 0.477058, ""display_descriptor_weight"": 0.706052, ""weight"": 0.706052}]",0.67567,1.0,该歌曲属于 Gentle Warmth 区域，是有代表性但并非最中心的样本；region typicality 为 52.7%，其 balanced VA 位置相对该区域原型的 soft confidence 为 90.6%。该样本与最近替代区域 C0 Subdued Melancholy 明显分离（region margin=1.388）。其 calibrated cross-modal tension / audio-lyric contrast profile 被标注为 C1-T1 / lyric-brightened + lyric-intensified，tension strength percentile 为 81.7%；歌词侧相对音频侧更明亮/更正向；歌词侧更激活。综合 descriptor profile 的高权重词包括：audio-lyric contrast、high cross-modal tension、lyric arousal intensification、lyric valence uplift、lyrics brighten the affect。,"The song is assigned to Gentle Warmth and is representative but not central, with region typicality 52.7% and assigned-region soft confidence 90.6%; it is clearly separated from the nearest alternative region, C0 Subdued Melancholy (region margin=1.388). The calibrated cross-modal tension / audio-lyric contrast profile is C1-T1 / lyric-brightened + lyric-intensified, with tension strength percentile 81.7%; the lyrics are brighter or more positive than the audio; the lyrics are more activating. The top descriptor profile is: audio-lyric contrast, high cross-modal tension, lyric arousal intensification, lyric valence uplift, lyrics brighten the affect.",2.628816538146085,1.1778928329679923,4.424290395857244,3.5977659728176783,0.41362117799667697,0.9073980004421608,"{""C1-T0"": 0.0926019995578392, ""C1-T1"": 0.9073980004421608}",0.8731563421828908,0.7109144542772862
A029,Tears in Heaven,Eric Clapton,1,Gentle Warmth,prototype,False,False,False,False,True,tension_case,0.51542,0.29535002,0.8864306784660767,0.9168495341150364,1.8466873722183843,C0 Subdued Melancholy,0.071739108382126,2.3030614275225774,0.456374055304193,3.4698684085830105,3.077217960160641,0.071739108382126,0.9168495341150364,0.0024721510116746124,0.008939206491162853,C1-T1,lyric-brightened + lyric-intensified,0.2049,0.2163,0.29794243,0.8709677419354839,0.8805309734513275,0.8569321533923304,0.8805309734513275,"[{""descriptor"": ""calm-positive"", ""raw_descriptor_score"": 0.812724, ""display_descriptor_weight"": 1.0, ""weight"": 1.0}, {""descriptor"": ""gentle warmth"", ""raw_descriptor_score"": 0.812724, ""display_descriptor_weight"": 1.0, ""weight"": 1.0}, {""descriptor"": ""romantic"", ""raw_descriptor_score"": 0.812724, ""display_descriptor_weight"": 1.0, ""weight"": 1.0}, {""descriptor"": ""soft"", ""raw_descriptor_score"": 0.812724, ""display_descriptor_weight"": 1.0, ""weight"": 1.0}, {""descriptor"": ""warm"", ""raw_descriptor_score"": 0.812724, ""display_descriptor_weight"": 1.0, ""weight"": 1.0}, {""descriptor"": ""audio-lyric contrast"", ""raw_descriptor_score"": 0.720168, ""display_descriptor_weight"": 0.886117, ""weight"": 0.886117}, {""descriptor"": ""high cross-modal tension"", ""raw_descriptor_score"": 0.720168, ""display_descriptor_weight"": 0.886117, ""weight"": 0.886117}, {""descriptor"": ""lyric arousal intensification"", ""raw_descriptor_score"": 0.720168, ""display_descriptor_weight"": 0.886117, ""weight"": 0.886117}]",0.812724,1.0,该歌曲属于 Gentle Warmth 区域，是高度原型样本；region typicality 为 88.6%，其 balanced VA 位置相对该区域原型的 soft confidence 为 91.7%。该样本与最近替代区域 C0 Subdued Melancholy 明显分离（region margin=1.847）。其 calibrated cross-modal tension / audio-lyric contrast profile 被标注为 C1-T1 / lyric-brightened + lyric-intensified，tension strength percentile 为 88.1%；歌词侧相对音频侧更明亮/更正向；歌词侧更激活。综合 descriptor profile 的高权重词包括：calm-positive、gentle warmth、romantic、soft、warm。,"The song is assigned to Gentle Warmth and is highly prototypical, with region typicality 88.6% and assigned-region soft confidence 91.7%; it is clearly separated from the nearest alternative region, C0 Subdued Melancholy (region margin=1.847). The calibrated cross-modal tension / audio-lyric contrast profile is C1-T1 / lyric-brightened + lyric-intensified, with tension strength percentile 88.1%; the lyrics are brighter or more positive than the audio; the lyrics are more activating. The top descriptor profile is: calm-positive, gentle warmth, romantic, soft, warm.",2.644918415316823,0.5601575605756814,4.040118178396091,3.1202867977380904,0.48135010063280026,0.9390469889929466,"{""C1-T0"": 0.06095301100705336, ""C1-T1"": 0.9390469889929466}",0.8480825958702065,0.8672566371681416
MT0005344437,Send One Your Love,Stevie Wonder,1,Gentle Warmth,prototype,False,False,False,False,True,tension_case,0.5257801,0.33009002,0.995575221238938,0.9338626716470588,2.493262479856026,C3 Playful Vitality,0.031383159683154055,2.6119468465822493,0.1142595564129828,3.325385345965731,2.607522036269009,0.031022844528008634,0.9338626716470588,0.003731324141778438,0.031383159683154055,C1-T1,lyric-brightened + lyric-intensified,0.18380001,0.22089998,0.28736606,0.8951612903225806,0.8643067846607669,0.803834808259587,0.8864306784660767,"[{""descriptor"": ""calm-positive"", ""raw_descriptor_score"": 0.929731, ""display_descriptor_weight"": 1.0, ""weight"": 1.0}, {""descriptor"": ""gentle warmth"", ""raw_descriptor_score"": 0.929731, ""display_descriptor_weight"": 1.0, ""weight"": 1.0}, {""descriptor"": ""romantic"", ""raw_descriptor_score"": 0.929731, ""display_descriptor_weight"": 1.0, ""weight"": 1.0}, {""descriptor"": ""soft"", ""raw_descriptor_score"": 0.929731, ""display_descriptor_weight"": 1.0, ""weight"": 1.0}, {""descriptor"": ""warm"", ""raw_descriptor_score"": 0.929731, ""display_descriptor_weight"": 1.0, ""weight"": 1.0}, {""descriptor"": ""audio-lyric contrast"", ""raw_descriptor_score"": 0.714981, ""display_descriptor_weight"": 0.769019, ""weight"": 0.769019}, {""descriptor"": ""high cross-modal tension"", ""raw_descriptor_score"": 0.714981, ""display_descriptor_weight"": 0.769019, ""weight"": 0.769019}, {""descriptor"": ""lyric arousal intensification"", ""raw_descriptor_score"": 0.714981, ""display_descriptor_weight"": 0.769019, ""weight"": 0.769019}]",0.929731,1.0,该歌曲属于 Gentle Warmth 区域，是高度原型样本；region typicality 为 99.6%，其 balanced VA 位置相对该区域原型的 soft confidence 为 93.4%。该样本与最近替代区域 C3 Playful Vitality 明显分离（region margin=2.493）。其 calibrated cross-modal tension / audio-lyric contrast profile 被标注为 C1-T1 / lyric-brightened + lyric-intensified，tension strength percentile 为 86.4%；歌词侧相对音频侧更明亮/更正向；歌词侧更激活。综合 descriptor profile 的高权重词包括：calm-positive、gentle warmth、romantic、soft、warm。,"The song is assigned to Gentle Warmth and is highly prototypical, with region typicality 99.6% and assigned-region soft confidence 93.4%; it is clearly separated from the nearest alternative region, C3 Playful Vitality (region margin=2.493). The calibrated cross-modal tension / audio-lyric contrast profile is C1-T1 / lyric-brightened + lyric-intensified, with tension strength percentile 86.4%; the lyrics are brighter or more positive than the audio; the lyrics are more activating. The top descriptor profile is: calm-positive, gentle warmth, romantic, soft, warm.",3.1232455645210497,0.15247155909862206,3.9116053866266842,2.635551434437916,0.4562409139091892,0.9241130435528423,"{""C1-T0"": 0.07588695644715773, ""C1-T1"": 0.9241130435528423}",0.7905604719764012,0.8746312684365781
A013,London Calling,The Clash,2,Volatile Intensity,peripheral,False,False,False,False,False,appendix_only,0.3524,0.51205003,0.45171849427168576,0.9881161546539985,2.2130836380522125,C3 Playful Vitality,0.008222782886546364,3.9745372020184586,3.5636358286828784,1.057358121982992,3.2704417600352045,0.0006416773769122795,0.003019385082542933,0.9881161546539985,0.008222782886546364,C2-T0,lyric-brightened,0.18560001,-0.08220002,0.20298819,0.8294117647058823,0.22913256955810146,0.3469721767594108,0.29623567921440264,"[{""descriptor"": ""aggressive"", ""raw_descriptor_score"": 0.44635, ""display_descriptor_weight"": 1.0, ""weight"": 1.0}, {""descriptor"": ""high arousal"", ""raw_descriptor_score"": 0.44635, ""display_descriptor_weight"": 1.0, ""weight"": 1.0}, {""descriptor"": ""negative-active"", ""raw_descriptor_score"": 0.44635, ""display_descriptor_weight"": 1.0, ""weight"": 1.0}, {""descriptor"": ""tense"", ""raw_descriptor_score"": 0.44635, ""display_descriptor_weight"": 1.0, ""weight"": 1.0}, {""descriptor"": ""volatile intensity"", ""raw_descriptor_score"": 0.44635, ""display_descriptor_weight"": 1.0, ""weight"": 1.0}, {""descriptor"": ""affective concordance"", ""raw_descriptor_score"": 0.207514, ""display_descriptor_weight"": 0.464912, ""weight"": 0.464912}, {""descriptor"": ""audio-lyric agreement"", ""raw_descriptor_score"": 0.207514, ""display_descriptor_weight"": 0.464912, ""weight"": 0.464912}]",0.44635,1.0,该歌曲属于 Volatile Intensity 区域，是所属区域内的外围样本；region typicality 为 45.2%，其 balanced VA 位置相对该区域原型的 soft confidence 为 98.8%。该样本与最近替代区域 C3 Playful Vitality 明显分离（region margin=2.213）。其 calibrated cross-modal tension / audio-lyric contrast profile 被标注为 C2-T0 / lyric-brightened，tension strength percentile 为 22.9%；张力强度较低，因此不把小的音频-歌词方向差解释为主要证据。综合 descriptor profile 的高权重词包括：aggressive、high arousal、negative-active、tense、volatile intensity。,"The song is assigned to Volatile Intensity and is peripheral within the assigned region, with region typicality 45.2% and assigned-region soft confidence 98.8%; it is clearly separated from the nearest alternative region, C3 Playful Vitality (region margin=2.213). The calibrated cross-modal tension / audio-lyric contrast profile is C2-T0 / lyric-brightened, with tension strength percentile 22.9%; tension strength is low, so small audio-lyric directional differences are not used as primary evidence. The top descriptor profile is: aggressive, high arousal, negative-active, tense, volatile intensity.",5.311191729497659,4.218559332974669,1.1734622584620582,3.730293187172686,0.6193727106756556,0.7148393788435173,"{""C2-T0"": 0.7148393788435173, ""C2-T1"": 0.0817424532265772, ""C2-T2"": 0.2034181679299055}",0.33387888707037644,0.469721767594108
A010,Animal,Pearl Jam,2,Volatile Intensity,peripheral,False,False,False,False,False,appendix_only,0.16042,0.33977,0.026186579378068786,0.9787661631513235,1.179169892782503,C0 Subdued Melancholy,0.02117031712657842,3.8407642036602034,5.1355795534537965,2.6615943108777005,6.20317751208783,0.02117031712657842,6.3370693259724e-05,0.9787661631513235,1.4902883844381948e-07,C2-T1,lyric-intensified + high cross-modal tension,0.1774,0.4701,0.5024587,0.26086956521739135,0.9803600654664485,0.32733224222585927,0.9950900163666121,"[{""descriptor"": ""lyric arousal intensification"", ""raw_descriptor_score"": 0.487773, ""display_descriptor_weight"": 1.0, ""weight"": 1.0}, {""descriptor"": ""lyrics intensify the affect"", ""raw_descriptor_score"": 0.487773, ""display_descriptor_weight"": 1.0, ""weight"": 1.0}, {""descriptor"": ""audio-lyric contrast"", ""raw_descriptor_score"": 0.25571, ""display_descriptor_weight"": 0.524239, ""weight"": 0.524239}, {""descriptor"": ""high cross-modal tension"", ""raw_descriptor_score"": 0.25571, ""display_descriptor_weight"": 0.524239, ""weight"": 0.524239}, {""descriptor"": ""aggressive"", ""raw_descriptor_score"": 0.244692, ""display_descriptor_weight"": 0.50165, ""weight"": 0.50165}, {""descriptor"": ""high arousal"", ""raw_descriptor_score"": 0.244692, ""display_descriptor_weight"": 0.50165, ""weight"": 0.50165}, {""descriptor"": ""negative-active"", ""raw_descriptor_score"": 0.244692, ""display_descriptor_weight"": 0.50165, ""weight"": 0.50165}, {""descriptor"": ""tense"", ""raw_descriptor_score"": 0.244692, ""display_descriptor_weight"": 0.50165, ""weight"": 0.50165}]",0.487773,1.0,该歌曲属于 Volatile Intensity 区域，是所属区域内的外围样本；region typicality 为 2.6%，其 balanced VA 位置相对该区域原型的 soft confidence 为 97.9%。该样本与最近替代区域 C0 Subdued Melancholy 明显分离（region margin=1.179）。其 calibrated cross-modal tension / audio-lyric contrast profile 被标注为 C2-T1 / lyric-intensified + high cross-modal tension，tension strength percentile 为 98.0%；歌词侧相对音频侧更明亮/更正向；歌词侧更激活。综合 descriptor profile 的高权重词包括：lyric arousal intensification、lyrics intensify the affect、audio-lyric contrast、high cross-modal tension、aggressive。,"The song is assigned to Volatile Intensity and is peripheral within the assigned region, with region typicality 2.6% and assigned-region soft confidence 97.9%; it is clearly separated from the nearest alternative region, C0 Subdued Melancholy (region margin=1.179). The calibrated cross-modal tension / audio-lyric contrast profile is C2-T1 / lyric-intensified + high cross-modal tension, with tension strength percentile 98.0%; the lyrics are brighter or more positive than the audio; the lyrics are more activating. The top descriptor profile is: lyric arousal intensification, lyrics intensify the affect, audio-lyric contrast, high cross-modal tension, aggressive.",4.267318657824105,6.656631377178078,3.082076285523175,6.457593542081113,1.3897311495589464,0.9998577272988822,"{""C2-T0"": 0.00014015690491022158, ""C2-T1"": 0.9998577272988822, ""C2-T2"": 2.1157962076429328e-06}",0.3142389525368249,0.9950900163666121
A151-172,War Pigs,Black Sabbath,2,Volatile Intensity,representative,False,False,False,False,True,region_representative,0.26406002,0.43447,0.6612111292962357,0.9932914694260787,2.5069086779031826,C0 Subdued Melancholy,0.006132838051025568,3.2827929302517376,3.9584198798858594,0.7758842523485551,4.542156282048869,0.006132838051025568,0.0005312504874736847,0.9932914694260787,4.444203542190184e-05,C2-T1,lyric-intensified + high cross-modal tension,0.1905,0.2881,0.34538653,0.4130434782608695,0.7643207855973814,0.36824877250409166,0.9574468085106383,"[{""descriptor"": ""aggressive"", ""raw_descriptor_score"": 0.656775, ""display_descriptor_weight"": 1.0, ""weight"": 1.0}, {""descriptor"": ""high arousal"", ""raw_descriptor_score"": 0.656775, ""display_descriptor_weight"": 1.0, ""weight"": 1.0}, {""descriptor"": ""negative-active"", ""raw_descriptor_score"": 0.656775, ""display_descriptor_weight"": 1.0, ""weight"": 1.0}, {""descriptor"": ""tense"", ""raw_descriptor_score"": 0.656775, ""display_descriptor_weight"": 1.0, ""weight"": 1.0}, {""descriptor"": ""volatile intensity"", ""raw_descriptor_score"": 0.656775, ""display_descriptor_weight"": 1.0, ""weight"": 1.0}, {""descriptor"": ""lyric arousal intensification"", ""raw_descriptor_score"": 0.365898, ""display_descriptor_weight"": 0.557113, ""weight"": 0.557113}, {""descriptor"": ""lyrics intensify the affect"", ""raw_descriptor_score"": 0.365898, ""display_descriptor_weight"": 0.557113, ""weight"": 0.557113}, {""descriptor"": ""audio-lyric contrast"", ""raw_descriptor_score"": 0.302668, ""display_descriptor_weight"": 0.460839, ""weight"": 0.460839}]",0.656775,1.0,该歌曲属于 Volatile Intensity 区域，是有代表性但并非最中心的样本；region typicality 为 66.1%，其 balanced VA 位置相对该区域原型的 soft confidence 为 99.3%。该样本与最近替代区域 C0 Subdued Melancholy 明显分离（region margin=2.507）。其 calibrated cross-modal tension / audio-lyric contrast profile 被标注为 C2-T1 / lyric-intensified + high cross-modal tension，tension strength percentile 为 76.4%；歌词侧相对音频侧更明亮/更正向；歌词侧更激活。综合 descriptor profile 的高权重词包括：aggressive、high arousal、negative-active、tense、volatile intensity。,"The song is assigned to Volatile Intensity and is representative but not central, with region typicality 66.1% and assigned-region soft confidence 99.3%; it is clearly separated from the nearest alternative region, C0 Subdued Melancholy (region margin=2.507). The calibrated cross-modal tension / audio-lyric contrast profile is C2-T1 / lyric-intensified + high cross-modal tension, with tension strength percentile 76.4%; the lyrics are brighter or more positive than the audio; the lyrics are more activating. The top descriptor profile is: aggressive, high arousal, negative-active, tense, volatile intensity.",4.005573976293495,4.907583008922505,0.9215576229778288,4.899338168361794,1.1490330713202297,0.9587261661116612,"{""C2-T0"": 0.03851562957504296, ""C2-T1"": 0.9587261661116612, ""C2-T2"": 0.0027582043132959315}",0.35515548281505727,0.9296235679214403
A183,Killing in the Name,Rage Against the Machine,2,Volatile Intensity,peripheral,False,False,False,False,False,appendix_only,0.31268,0.51587003,0.4991816693944353,0.9979151582588237,2.787211658864008,C3 Playful Vitality,0.0012627352327860386,4.168321164839182,4.003480014593207,1.0003236204190682,3.787535279283076,0.00027763201396818104,0.0005444744944220174,0.9979151582588237,0.0012627352327860386,C2-T0,lyric-brightened,0.2148,-0.090899974,0.23324203,0.6735294117647059,0.3649754500818331,0.4664484451718494,0.2684124386252046,"[{""descriptor"": ""aggressive"", ""raw_descriptor_score"": 0.498141, ""display_descriptor_weight"": 1.0, ""weight"": 1.0}, {""descriptor"": ""high arousal"", ""raw_descriptor_score"": 0.498141, ""display_descriptor_weight"": 1.0, ""weight"": 1.0}, {""descriptor"": ""negative-active"", ""raw_descriptor_score"": 0.498141, ""display_descriptor_weight"": 1.0, ""weight"": 1.0}, {""descriptor"": ""tense"", ""raw_descriptor_score"": 0.498141, ""display_descriptor_weight"": 1.0, ""weight"": 1.0}, {""descriptor"": ""volatile intensity"", ""raw_descriptor_score"": 0.498141, ""display_descriptor_weight"": 1.0, ""weight"": 1.0}, {""descriptor"": ""lyric valence uplift"", ""raw_descriptor_score"": 0.152525, ""display_descriptor_weight"": 0.306188, ""weight"": 0.306188}, {""descriptor"": ""lyrics brighten the affect"", ""raw_descriptor_score"": 0.152525, ""display_descriptor_weight"": 0.306188, ""weight"": 0.306188}, {""descriptor"": ""lyric arousal softening"", ""raw_descriptor_score"": 0.127538, ""display_descriptor_weight"": 0.256027, ""weight"": 0.256027}]",0.498141,1.0,该歌曲属于 Volatile Intensity 区域，是所属区域内的外围样本；region typicality 为 49.9%，其 balanced VA 位置相对该区域原型的 soft confidence 为 99.8%。该样本与最近替代区域 C3 Playful Vitality 明显分离（region margin=2.787）。其 calibrated cross-modal tension / audio-lyric contrast profile 被标注为 C2-T0 / lyric-brightened，tension strength percentile 为 36.5%；歌词侧相对音频侧更明亮/更正向；歌词侧更柔和/低唤醒。综合 descriptor profile 的高权重词包括：aggressive、high arousal、negative-active、tense、volatile intensity。,"The song is assigned to Volatile Intensity and is peripheral within the assigned region, with region typicality 49.9% and assigned-region soft confidence 99.8%; it is clearly separated from the nearest alternative region, C3 Playful Vitality (region margin=2.787). The calibrated cross-modal tension / audio-lyric contrast profile is C2-T0 / lyric-brightened, with tension strength percentile 36.5%; the lyrics are brighter or more positive than the audio; the lyrics soften the arousal profile. The top descriptor profile is: aggressive, high arousal, negative-active, tense, volatile intensity.",5.448867343442208,4.774429541509604,1.09639829198706,4.3351923855871215,0.8172448978939406,0.620468418892125,"{""C2-T0"": 0.620468418892125, ""C2-T1"": 0.06197560922029816, ""C2-T2"": 0.3175559718875768}",0.45499181669394434,0.5188216039279869
MT0007075838,Sleep Now in the Fire,Rage Against the Machine,2,Volatile Intensity,prototype,False,False,False,False,True,region_prototype,0.32780004,0.43237,0.972176759410802,0.9688443570951268,2.530127495124346,C0 Subdued Melancholy,0.02268416728570291,2.748956072867896,3.1221671582279544,0.2188285777435495,3.746940820787435,0.02268416728570291,0.007584320833527505,0.9688443570951268,0.0008871547856427687,C2-T2,lyric-brightened + high cross-modal tension,0.41910002,0.11659998,0.43501768,0.26222222222222225,0.9214402618657938,0.9590834697217676,0.8166939443535188,"[{""descriptor"": ""aggressive"", ""raw_descriptor_score"": 0.941888, ""display_descriptor_weight"": 1.0, ""weight"": 1.0}, {""descriptor"": ""high arousal"", ""raw_descriptor_score"": 0.941888, ""display_descriptor_weight"": 1.0, ""weight"": 1.0}, {""descriptor"": ""negative-active"", ""raw_descriptor_score"": 0.941888, ""display_descriptor_weight"": 1.0, ""weight"": 1.0}, {""descriptor"": ""tense"", ""raw_descriptor_score"": 0.941888, ""display_descriptor_weight"": 1.0, ""weight"": 1.0}, {""descriptor"": ""volatile intensity"", ""raw_descriptor_score"": 0.941888, ""display_descriptor_weight"": 1.0, ""weight"": 1.0}, {""descriptor"": ""lyric valence uplift"", ""raw_descriptor_score"": 0.441869, ""display_descriptor_weight"": 0.469131, ""weight"": 0.469131}, {""descriptor"": ""lyrics brighten the affect"", ""raw_descriptor_score"": 0.441869, ""display_descriptor_weight"": 0.469131, ""weight"": 0.469131}, {""descriptor"": ""lyric arousal intensification"", ""raw_descriptor_score"": 0.376267, ""display_descriptor_weight"": 0.399482, ""weight"": 0.399482}]",0.941888,1.0,该歌曲属于 Volatile Intensity 区域，是高度原型样本；region typicality 为 97.2%，其 balanced VA 位置相对该区域原型的 soft confidence 为 96.9%。该样本与最近替代区域 C0 Subdued Melancholy 明显分离（region margin=2.530）。其 calibrated cross-modal tension / audio-lyric contrast profile 被标注为 C2-T2 / lyric-brightened + high cross-modal tension，tension strength percentile 为 92.1%；歌词侧相对音频侧更明亮/更正向；歌词侧更激活。综合 descriptor profile 的高权重词包括：aggressive、high arousal、negative-active、tense、volatile intensity。,"The song is assigned to Volatile Intensity and is highly prototypical, with region typicality 97.2% and assigned-region soft confidence 96.9%; it is clearly separated from the nearest alternative region, C0 Subdued Melancholy (region margin=2.530). The calibrated cross-modal tension / audio-lyric contrast profile is C2-T2 / lyric-brightened + high cross-modal tension, with tension strength percentile 92.1%; the lyrics are brighter or more positive than the audio; the lyrics are more activating. The top descriptor profile is: aggressive, high arousal, negative-active, tense, volatile intensity.",3.564092084395267,3.8197905918886788,0.24896662380145657,3.9827973008612805,1.7999234111956746,0.7837698929460627,"{""C2-T0"": 0.07345141819456706, ""C2-T1"": 0.14277868885937017, ""C2-T2"": 0.7837698929460627}",0.9574468085106383,0.613747954173486
A049,Highway to Hell,AC/DC,2,Volatile Intensity,boundary,True,True,False,False,False,boundary_case,0.41508,0.63183004,0.016366612111292977,0.4529223294071101,-0.06410493255929595,C3 Playful Vitality,0.5462289463776957,5.994554698240641,4.613837791389087,2.9540982990789413,2.8899933665196453,5.596080207505346e-07,0.0008481646071735789,0.4529223294071101,0.5462289463776957,C2-T1,lyric-intensified + high cross-modal tension,-0.20569998,0.01999998,0.20666997,0.10869565217391308,0.23567921440261866,0.01309328968903437,0.5973813420621932,"[{""descriptor"": ""boundary between assigned region and nearest alternative"", ""raw_descriptor_score"": 1.546229, ""display_descriptor_weight"": 1.0, ""weight"": 1.0}, {""descriptor"": ""nearest alternative: C3 Playful Vitality"", ""raw_descriptor_score"": 0.273114, ""display_descriptor_weight"": 0.176633, ""weight"": 0.176633}, {""descriptor"": ""assigned region: Volatile Intensity"", ""raw_descriptor_score"": 0.226461, ""display_descriptor_weight"": 0.14646, ""weight"": 0.14646}, {""descriptor"": ""affective concordance"", ""raw_descriptor_score"": 0.037951, ""display_descriptor_weight"": 0.024544, ""weight"": 0.024544}, {""descriptor"": ""audio-lyric agreement"", ""raw_descriptor_score"": 0.037951, ""display_descriptor_weight"": 0.024544, ""weight"": 0.024544}]",1.546229,1.0,该歌曲属于 Volatile Intensity 区域，是边界样本，不应用作主区域证据；region typicality 为 1.6%，其 balanced VA 位置相对该区域原型的 soft confidence 为 45.3%。该样本在 post-hoc prototype 距离下更接近 C3 Playful Vitality，只能作为边界/歧义案例使用（region margin=-0.064）。其 calibrated cross-modal tension / audio-lyric contrast profile 被标注为 C2-T1 / lyric-intensified + high cross-modal tension，tension strength percentile 为 23.6%；张力强度较低，因此不把小的音频-歌词方向差解释为主要证据。综合 descriptor profile 的高权重词包括：boundary between assigned region and nearest alternative、nearest alternative: C3 Playful Vitality、assigned region: Volatile Intensity、affective concordance、audio-lyric agreement。,"The song is assigned to Volatile Intensity and is a boundary case, not used as main region evidence, with region typicality 1.6% and assigned-region soft confidence 45.3%; post-hoc prototype distance places it closer to C3 Playful Vitality; use it only as a boundary or ambiguity case (region margin=-0.064). The calibrated cross-modal tension / audio-lyric contrast profile is C2-T1 / lyric-intensified + high cross-modal tension, with tension strength percentile 23.6%; tension strength is low, so small audio-lyric directional differences are not used as primary evidence. The top descriptor profile is: boundary between assigned region and nearest alternative, nearest alternative: C3 Playful Vitality, assigned region: Volatile Intensity, affective concordance, audio-lyric agreement.",8.157055461690973,5.442983340256856,3.2804373328545817,3.619036629282951,1.7213017668519448,0.9975597288473493,"{""C2-T0"": 0.0024401927522965136, ""C2-T1"": 0.9975597288473493, ""C2-T2"": 7.840035411129224e-08}",0.41734860883797054,0.10801963993453355
A014,Feels Just Like It Should,Jamiroquai,3,Playful Vitality,representative,False,False,False,False,True,region_representative,0.57282007,0.46807003,0.6901408450704225,0.8876764107623515,1.4408208960656985,C1 Gentle Warmth,0.11041760911775048,4.566158326836543,2.167042472857322,3.5848207637183696,0.7262215767916236,3.430051983850225e-05,0.11041760911775048,0.001871679600059507,0.8876764107623515,C3-T0,modality-consistent,-0.036599994,-0.1649,0.16891292,0.6521739130434783,0.2863849765258216,0.5469483568075117,0.5868544600938967,"[{""descriptor"": ""bright"", ""raw_descriptor_score"": 0.612622, ""display_descriptor_weight"": 1.0, ""weight"": 1.0}, {""descriptor"": ""danceable"", ""raw_descriptor_score"": 0.612622, ""display_descriptor_weight"": 1.0, ""weight"": 1.0}, {""descriptor"": ""energetic"", ""raw_descriptor_score"": 0.612622, ""display_descriptor_weight"": 1.0, ""weight"": 1.0}, {""descriptor"": ""playful vitality"", ""raw_descriptor_score"": 0.612622, ""display_descriptor_weight"": 1.0, ""weight"": 1.0}, {""descriptor"": ""positive-active"", ""raw_descriptor_score"": 0.612622, ""display_descriptor_weight"": 1.0, ""weight"": 1.0}, {""descriptor"": ""affective concordance"", ""raw_descriptor_score"": 0.187304, ""display_descriptor_weight"": 0.305742, ""weight"": 0.305742}, {""descriptor"": ""audio-lyric agreement"", ""raw_descriptor_score"": 0.187304, ""display_descriptor_weight"": 0.305742, ""weight"": 0.305742}]",0.612622,1.0,该歌曲属于 Playful Vitality 区域，是有代表性但并非最中心的样本；region typicality 为 69.0%，其 balanced VA 位置相对该区域原型的 soft confidence 为 88.8%。该样本与最近替代区域 C1 Gentle Warmth 明显分离（region margin=1.441）。其 calibrated cross-modal tension / audio-lyric contrast profile 被标注为 C3-T0 / modality-consistent，tension strength percentile 为 28.6%；张力强度较低，因此不把小的音频-歌词方向差解释为主要证据。综合 descriptor profile 的高权重词包括：bright、danceable、energetic、playful vitality、positive-active。,"The song is assigned to Playful Vitality and is representative but not central, with region typicality 69.0% and assigned-region soft confidence 88.8%; it is clearly separated from the nearest alternative region, C1 Gentle Warmth (region margin=1.441). The calibrated cross-modal tension / audio-lyric contrast profile is C3-T0 / modality-consistent, with tension strength percentile 28.6%; tension strength is low, so small audio-lyric directional differences are not used as primary evidence. The top descriptor profile is: bright, danceable, energetic, playful vitality, positive-active.",5.944650064621564,2.754401900585448,4.271136956048261,0.7148225294767395,0.7800168584118372,0.820571293602079,"{""C3-T0"": 0.820571293602079, ""C3-T1"": 0.17942870639792097}",0.22300469483568075,0.3826291079812207
A001,What a Wonderful World,Louis Armstrong,3,Playful Vitality,peripheral,False,False,False,False,False,appendix_only,0.70822,0.36247003,0.04929577464788737,0.7189622513754556,0.3631669246414022,C1 Gentle Warmth,0.2810345660821112,5.712547188314046,2.768083273583472,5.590351708586818,2.40491634894207,1.062662729332544e-06,0.2810345660821112,2.1198797038681715e-06,0.7189622513754556,C3-T0,modality-consistent,-0.20409995,0.016600013,0.2047739,0.07509881422924902,0.3967136150234742,0.13615023474178403,0.9131455399061033,"[{""descriptor"": ""bright"", ""raw_descriptor_score"": 0.179741, ""display_descriptor_weight"": 1.0, ""weight"": 1.0}, {""descriptor"": ""danceable"", ""raw_descriptor_score"": 0.179741, ""display_descriptor_weight"": 1.0, ""weight"": 1.0}, {""descriptor"": ""energetic"", ""raw_descriptor_score"": 0.179741, ""display_descriptor_weight"": 1.0, ""weight"": 1.0}, {""descriptor"": ""playful vitality"", ""raw_descriptor_score"": 0.179741, ""display_descriptor_weight"": 1.0, ""weight"": 1.0}, {""descriptor"": ""positive-active"", ""raw_descriptor_score"": 0.179741, ""display_descriptor_weight"": 1.0, ""weight"": 1.0}, {""descriptor"": ""calm-positive"", ""raw_descriptor_score"": 0.070259, ""display_descriptor_weight"": 0.390889, ""weight"": 0.390889}, {""descriptor"": ""gentle warmth"", ""raw_descriptor_score"": 0.070259, ""display_descriptor_weight"": 0.390889, ""weight"": 0.390889}, {""descriptor"": ""romantic"", ""raw_descriptor_score"": 0.070259, ""display_descriptor_weight"": 0.390889, ""weight"": 0.390889}]",0.179741,1.0,该歌曲属于 Playful Vitality 区域，是所属区域内的外围样本；region typicality 为 4.9%，其 balanced VA 位置相对该区域原型的 soft confidence 为 71.9%。该样本与最近替代区域 C1 Gentle Warmth 有一定接近性，但仍保留正 margin（region margin=0.363）。其 calibrated cross-modal tension / audio-lyric contrast profile 被标注为 C3-T0 / modality-consistent，tension strength percentile 为 39.7%；该样本标记为 modality-consistent，方向差未达到门控阈值，因此解释为音频与歌词基本一致。综合 descriptor profile 的高权重词包括：bright、danceable、energetic、playful vitality、positive-active。,"The song is assigned to Playful Vitality and is peripheral within the assigned region, with region typicality 4.9% and assigned-region soft confidence 71.9%; it is moderately close to the nearest alternative region, C1 Gentle Warmth, while retaining a positive margin (region margin=0.363). The calibrated cross-modal tension / audio-lyric contrast profile is C3-T0 / modality-consistent, with tension strength percentile 39.7%; the sample is modality-consistent and directional deltas do not pass the gate, so it is interpreted as broad audio-lyric agreement. The top descriptor profile is: bright, danceable, energetic, playful vitality, positive-active.",6.706761211470863,3.658180225099834,6.6627902514704225,2.9948389632932026,2.2126879760977856,0.8547410235878375,"{""C3-T0"": 0.8547410235878375, ""C3-T1"": 0.14525897641216237}",0.8262910798122066,0.04225352112676056
A019,California Girls,The Beach Boys,3,Playful Vitality,representative,False,False,False,False,True,region_representative,0.63670003,0.48615006,0.7887323943661972,0.9796698500897684,2.2731534577421533,C1 Gentle Warmth,0.020284558306029377,5.5720937391180785,2.842293380788086,4.503730466940115,0.5691399230459331,2.0863201210149927e-07,0.020284558306029377,4.538297219018981e-05,0.9796698500897684,C3-T1,lyric-darkened + lyric-softened + high cross-modal tension,-0.092400014,-0.26820004,0.2836706,0.5549132947976878,0.6126760563380281,0.3873239436619718,0.3075117370892019,"[{""descriptor"": ""bright"", ""raw_descriptor_score"": 0.772697, ""display_descriptor_weight"": 1.0, ""weight"": 1.0}, {""descriptor"": ""danceable"", ""raw_descriptor_score"": 0.772697, ""display_descriptor_weight"": 1.0, ""weight"": 1.0}, {""descriptor"": ""energetic"", ""raw_descriptor_score"": 0.772697, ""display_descriptor_weight"": 1.0, ""weight"": 1.0}, {""descriptor"": ""playful vitality"", ""raw_descriptor_score"": 0.772697, ""display_descriptor_weight"": 1.0, ""weight"": 1.0}, {""descriptor"": ""positive-active"", ""raw_descriptor_score"": 0.772697, ""display_descriptor_weight"": 1.0, ""weight"": 1.0}, {""descriptor"": ""lyric arousal softening"", ""raw_descriptor_score"": 0.246494, ""display_descriptor_weight"": 0.319004, ""weight"": 0.319004}, {""descriptor"": ""lyric valence tempering"", ""raw_descriptor_score"": 0.246494, ""display_descriptor_weight"": 0.319004, ""weight"": 0.319004}, {""descriptor"": ""lyrics darken the affect"", ""raw_descriptor_score"": 0.246494, ""display_descriptor_weight"": 0.319004, ""weight"": 0.319004}]",0.772697,1.0,该歌曲属于 Playful Vitality 区域，是有代表性但并非最中心的样本；region typicality 为 78.9%，其 balanced VA 位置相对该区域原型的 soft confidence 为 98.0%。该样本与最近替代区域 C1 Gentle Warmth 明显分离（region margin=2.273）。其 calibrated cross-modal tension / audio-lyric contrast profile 被标注为 C3-T1 / lyric-darkened + lyric-softened + high cross-modal tension，tension strength percentile 为 61.3%；歌词侧相对音频侧更暗/更负向；歌词侧更柔和/低唤醒。综合 descriptor profile 的高权重词包括：bright、danceable、energetic、playful vitality、positive-active。,"The song is assigned to Playful Vitality and is representative but not central, with region typicality 78.9% and assigned-region soft confidence 98.0%; it is clearly separated from the nearest alternative region, C1 Gentle Warmth (region margin=2.273). The calibrated cross-modal tension / audio-lyric contrast profile is C3-T1 / lyric-darkened + lyric-softened + high cross-modal tension, with tension strength percentile 61.3%; the lyrics darken the affect relative to the audio; the lyrics soften the arousal profile. The top descriptor profile is: bright, danceable, energetic, playful vitality, positive-active.",7.132011748027931,3.721164936654853,5.360329191806728,0.7168219190683878,0.9157334272453351,0.7250202924158696,"{""C3-T0"": 0.2749797075841305, ""C3-T1"": 0.7250202924158696}",0.4671361502347418,0.6854460093896714
MT0006683875,Mary's Place,Bruce Springsteen,3,Playful Vitality,prototype,False,False,False,False,True,region_prototype,0.60124004,0.52735007,0.9765258215962441,0.9917560404951763,2.9390059283839367,C1 Gentle Warmth,0.00804833072316288,5.620653058634191,3.1074759935357203,4.134226547234074,0.1684700651517836,1.3883808343109914e-07,0.00804833072316288,0.00019548994357738119,0.9917560404951763,C3-T1,lyric-darkened + lyric-softened + high cross-modal tension,-0.3483,-0.29469997,0.4562466,0.138728323699422,0.9154929577464789,0.025821596244131457,0.24647887323943662,"[{""descriptor"": ""bright"", ""raw_descriptor_score"": 0.968475, ""display_descriptor_weight"": 1.0, ""weight"": 1.0}, {""descriptor"": ""danceable"", ""raw_descriptor_score"": 0.968475, ""display_descriptor_weight"": 1.0, ""weight"": 1.0}, {""descriptor"": ""energetic"", ""raw_descriptor_score"": 0.968475, ""display_descriptor_weight"": 1.0, ""weight"": 1.0}, {""descriptor"": ""playful vitality"", ""raw_descriptor_score"": 0.968475, ""display_descriptor_weight"": 1.0, ""weight"": 1.0}, {""descriptor"": ""positive-active"", ""raw_descriptor_score"": 0.968475, ""display_descriptor_weight"": 1.0, ""weight"": 1.0}, {""descriptor"": ""lyric valence tempering"", ""raw_descriptor_score"": 0.441629, ""display_descriptor_weight"": 0.456004, ""weight"": 0.456004}, {""descriptor"": ""lyrics darken the affect"", ""raw_descriptor_score"": 0.441629, ""display_descriptor_weight"": 0.456004, ""weight"": 0.456004}, {""descriptor"": ""lyric arousal softening"", ""raw_descriptor_score"": 0.341698, ""display_descriptor_weight"": 0.352821, ""weight"": 0.352821}]",0.968475,1.0,该歌曲属于 Playful Vitality 区域，是高度原型样本；region typicality 为 97.7%，其 balanced VA 位置相对该区域原型的 soft confidence 为 99.2%。该样本与最近替代区域 C1 Gentle Warmth 明显分离（region margin=2.939）。其 calibrated cross-modal tension / audio-lyric contrast profile 被标注为 C3-T1 / lyric-darkened + lyric-softened + high cross-modal tension，tension strength percentile 为 91.5%；歌词侧相对音频侧更暗/更负向；歌词侧更柔和/低唤醒。综合 descriptor profile 的高权重词包括：bright、danceable、energetic、playful vitality、positive-active。,"The song is assigned to Playful Vitality and is highly prototypical, with region typicality 97.7% and assigned-region soft confidence 99.2%; it is clearly separated from the nearest alternative region, C1 Gentle Warmth (region margin=2.939). The calibrated cross-modal tension / audio-lyric contrast profile is C3-T1 / lyric-darkened + lyric-softened + high cross-modal tension, with tension strength percentile 91.5%; the lyrics darken the affect relative to the audio; the lyrics soften the arousal profile. The top descriptor profile is: bright, danceable, energetic, playful vitality, positive-active.",7.3947240119608,3.961351894519433,4.888779736269332,0.19549922268594405,1.8147146555786873,0.9924271898614527,"{""C3-T0"": 0.0075728101385472936, ""C3-T1"": 0.9924271898614527}",0.9647887323943662,0.7464788732394366
A005,U Got the Look,Prince,3,Playful Vitality,peripheral,False,False,False,False,True,tension_case,0.70706004,0.62079,0.10328638497652587,0.9999764289862929,3.073872856490012,C1 Gentle Warmth,2.3464399921947342e-05,7.985998509247505,5.004875119518666,5.9863870860828525,1.931002263028654,9.13822811056739e-14,2.3464399921947342e-05,1.066136938226262e-07,0.9999764289862929,C3-T1,lyric-darkened + lyric-softened + high cross-modal tension,-0.15149999,-0.4106,0.4376581,0.5664739884393064,0.892018779342723,0.22769953051643194,0.0539906103286385,"[{""descriptor"": ""audio-lyric contrast"", ""raw_descriptor_score"": 0.4914, ""display_descriptor_weight"": 1.0, ""weight"": 1.0}, {""descriptor"": ""high cross-modal tension"", ""raw_descriptor_score"": 0.4914, ""display_descriptor_weight"": 1.0, ""weight"": 1.0}, {""descriptor"": ""lyric arousal softening"", ""raw_descriptor_score"": 0.4914, ""display_descriptor_weight"": 1.0, ""weight"": 1.0}, {""descriptor"": ""lyric valence tempering"", ""raw_descriptor_score"": 0.4914, ""display_descriptor_weight"": 1.0, ""weight"": 1.0}, {""descriptor"": ""lyrics darken the affect"", ""raw_descriptor_score"": 0.4914, ""display_descriptor_weight"": 1.0, ""weight"": 1.0}, {""descriptor"": ""lyrics soften the affect"", ""raw_descriptor_score"": 0.4914, ""display_descriptor_weight"": 1.0, ""weight"": 1.0}, {""descriptor"": ""bright"", ""raw_descriptor_score"": 0.249994, ""display_descriptor_weight"": 0.508739, ""weight"": 0.508739}, {""descriptor"": ""danceable"", ""raw_descriptor_score"": 0.249994, ""display_descriptor_weight"": 0.508739, ""weight"": 0.508739}]",0.4914,1.0,该歌曲属于 Playful Vitality 区域，是所属区域内的外围样本；region typicality 为 10.3%，其 balanced VA 位置相对该区域原型的 soft confidence 为 100.0%。该样本与最近替代区域 C1 Gentle Warmth 明显分离（region margin=3.074）。其 calibrated cross-modal tension / audio-lyric contrast profile 被标注为 C3-T1 / lyric-darkened + lyric-softened + high cross-modal tension，tension strength percentile 为 89.2%；歌词侧相对音频侧更暗/更负向；歌词侧更柔和/低唤醒。综合 descriptor profile 的高权重词包括：audio-lyric contrast、high cross-modal tension、lyric arousal softening、lyric valence tempering、lyrics darken the affect。,"The song is assigned to Playful Vitality and is peripheral within the assigned region, with region typicality 10.3% and assigned-region soft confidence 100.0%; it is clearly separated from the nearest alternative region, C1 Gentle Warmth (region margin=3.074). The calibrated cross-modal tension / audio-lyric contrast profile is C3-T1 / lyric-darkened + lyric-softened + high cross-modal tension, with tension strength percentile 89.2%; the lyrics darken the affect relative to the audio; the lyrics soften the arousal profile. The top descriptor profile is: audio-lyric contrast, high cross-modal tension, lyric arousal softening, lyric valence tempering, lyrics darken the affect.",10.448279194187544,6.509726095765038,7.01809158098008,1.8890807223866701,0.8995090643123814,0.9724805085916529,"{""C3-T0"": 0.027519491408347085, ""C3-T1"": 0.9724805085916529}",0.6924882629107981,0.9483568075117371
MT0027072382,Express Yourself,Madonna,3,Playful Vitality,prototype,False,False,False,False,True,region_prototype,0.5875,0.50473005,0.9483568075117371,0.9754354376247875,2.4878156528555886,C1 Gentle Warmth,0.023997109418295262,5.18265856440883,2.733146222186737,3.868380318269481,0.2453305693311483,1.4781006211612485e-06,0.023997109418295262,0.0005659748562962661,0.9754354376247875,C3-T0,modality-consistent,0.038100004,-0.13049999,0.13594799,0.9446640316205533,0.19248826291079812,0.7723004694835681,0.6502347417840375,"[{""descriptor"": ""bright"", ""raw_descriptor_score"": 0.925061, ""display_descriptor_weight"": 1.0, ""weight"": 1.0}, {""descriptor"": ""danceable"", ""raw_descriptor_score"": 0.925061, ""display_descriptor_weight"": 1.0, ""weight"": 1.0}, {""descriptor"": ""energetic"", ""raw_descriptor_score"": 0.925061, ""display_descriptor_weight"": 1.0, ""weight"": 1.0}, {""descriptor"": ""playful vitality"", ""raw_descriptor_score"": 0.925061, ""display_descriptor_weight"": 1.0, ""weight"": 1.0}, {""descriptor"": ""positive-active"", ""raw_descriptor_score"": 0.925061, ""display_descriptor_weight"": 1.0, ""weight"": 1.0}, {""descriptor"": ""affective concordance"", ""raw_descriptor_score"": 0.32193, ""display_descriptor_weight"": 0.34801, ""weight"": 0.34801}, {""descriptor"": ""audio-lyric agreement"", ""raw_descriptor_score"": 0.32193, ""display_descriptor_weight"": 0.34801, ""weight"": 0.34801}]",0.925061,1.0,该歌曲属于 Playful Vitality 区域，是高度原型样本；region typicality 为 94.8%，其 balanced VA 位置相对该区域原型的 soft confidence 为 97.5%。该样本与最近替代区域 C1 Gentle Warmth 明显分离（region margin=2.488）。其 calibrated cross-modal tension / audio-lyric contrast profile 被标注为 C3-T0 / modality-consistent，tension strength percentile 为 19.2%；张力强度较低，因此不把小的音频-歌词方向差解释为主要证据。综合 descriptor profile 的高权重词包括：bright、danceable、energetic、playful vitality、positive-active。,"The song is assigned to Playful Vitality and is highly prototypical, with region typicality 94.8% and assigned-region soft confidence 97.5%; it is clearly separated from the nearest alternative region, C1 Gentle Warmth (region margin=2.488). The calibrated cross-modal tension / audio-lyric contrast profile is C3-T0 / modality-consistent, with tension strength percentile 19.2%; tension strength is low, so small audio-lyric directional differences are not used as primary evidence. The top descriptor profile is: bright, danceable, energetic, playful vitality, positive-active.",6.802662117408998,3.4750745657210773,4.588736243934423,0.24625077418708505,0.25749075567209434,0.9736802645295913,"{""C3-T0"": 0.9736802645295913, ""C3-T1"": 0.026319735470408747}",0.22769953051643194,0.31690140845070425
MT0004141823,Conga,Miami Sound Machine,3,Playful Vitality,prototype,False,False,False,False,True,region_prototype,0.58900005,0.51701003,0.9694835680751174,0.9848184618714391,2.7135156764802955,C1 Gentle Warmth,0.01473640604208205,5.35370177272974,2.90535264621444,3.929780880925808,0.19183696973414444,5.990273492752261e-07,0.01473640604208205,0.0004445330591295739,0.9848184618714391,C3-T0,modality-consistent,-0.123900026,-0.07880002,0.14683549,0.25296442687747034,0.2347417840375587,0.29107981220657275,0.7652582159624414,"[{""descriptor"": ""bright"", ""raw_descriptor_score"": 0.954765, ""display_descriptor_weight"": 1.0, ""weight"": 1.0}, {""descriptor"": ""danceable"", ""raw_descriptor_score"": 0.954765, ""display_descriptor_weight"": 1.0, ""weight"": 1.0}, {""descriptor"": ""energetic"", ""raw_descriptor_score"": 0.954765, ""display_descriptor_weight"": 1.0, ""weight"": 1.0}, {""descriptor"": ""playful vitality"", ""raw_descriptor_score"": 0.954765, ""display_descriptor_weight"": 1.0, ""weight"": 1.0}, {""descriptor"": ""positive-active"", ""raw_descriptor_score"": 0.954765, ""display_descriptor_weight"": 1.0, ""weight"": 1.0}, {""descriptor"": ""affective concordance"", ""raw_descriptor_score"": 0.069636, ""display_descriptor_weight"": 0.072935, ""weight"": 0.072935}, {""descriptor"": ""audio-lyric agreement"", ""raw_descriptor_score"": 0.069636, ""display_descriptor_weight"": 0.072935, ""weight"": 0.072935}]",0.954765,1.0,该歌曲属于 Playful Vitality 区域，是高度原型样本；region typicality 为 96.9%，其 balanced VA 位置相对该区域原型的 soft confidence 为 98.5%。该样本与最近替代区域 C1 Gentle Warmth 明显分离（region margin=2.714）。其 calibrated cross-modal tension / audio-lyric contrast profile 被标注为 C3-T0 / modality-consistent，tension strength percentile 为 23.5%；张力强度较低，因此不把小的音频-歌词方向差解释为主要证据。综合 descriptor profile 的高权重词包括：bright、danceable、energetic、playful vitality、positive-active。,"The song is assigned to Playful Vitality and is highly prototypical, with region typicality 96.9% and assigned-region soft confidence 98.5%; it is clearly separated from the nearest alternative region, C1 Gentle Warmth (region margin=2.714). The calibrated cross-modal tension / audio-lyric contrast profile is C3-T0 / modality-consistent, with tension strength percentile 23.5%; tension strength is low, so small audio-lyric directional differences are not used as primary evidence. The top descriptor profile is: bright, danceable, energetic, playful vitality, positive-active.",7.051068265826494,3.687127004903254,4.652524888039882,0.2274600080534831,1.3579370655767957,0.7865148655174405,"{""C3-T0"": 0.7865148655174405, ""C3-T1"": 0.21348513448255943}",0.6103286384976526,0.1784037558685446
MT0033512773,Do You Believe in Love,Huey Lewis & the News,3,Playful Vitality,prototype,False,False,False,False,True,region_prototype,0.60522,0.50645006,0.9953051643192489,0.9831065561481279,2.7486847455953103,C1 Gentle Warmth,0.016686172525666388,5.409195768910935,2.8572833087350045,4.11641999122431,0.10859856313969408,4.380904789211992e-07,0.016686172525666388,0.0002068332357267163,0.9831065561481279,C3-T0,modality-consistent,0.06190002,-0.12670001,0.14101243,0.924901185770751,0.20422535211267606,0.8169014084507042,0.6666666666666666,"[{""descriptor"": ""bright"", ""raw_descriptor_score"": 0.978491, ""display_descriptor_weight"": 1.0, ""weight"": 1.0}, {""descriptor"": ""danceable"", ""raw_descriptor_score"": 0.978491, ""display_descriptor_weight"": 1.0, ""weight"": 1.0}, {""descriptor"": ""energetic"", ""raw_descriptor_score"": 0.978491, ""display_descriptor_weight"": 1.0, ""weight"": 1.0}, {""descriptor"": ""playful vitality"", ""raw_descriptor_score"": 0.978491, ""display_descriptor_weight"": 1.0, ""weight"": 1.0}, {""descriptor"": ""positive-active"", ""raw_descriptor_score"": 0.978491, ""display_descriptor_weight"": 1.0, ""weight"": 1.0}, {""descriptor"": ""affective concordance"", ""raw_descriptor_score"": 0.318952, ""display_descriptor_weight"": 0.325963, ""weight"": 0.325963}, {""descriptor"": ""audio-lyric agreement"", ""raw_descriptor_score"": 0.318952, ""display_descriptor_weight"": 0.325963, ""weight"": 0.325963}]",0.978491,1.0,该歌曲属于 Playful Vitality 区域，是高度原型样本；region typicality 为 99.5%，其 balanced VA 位置相对该区域原型的 soft confidence 为 98.3%。该样本与最近替代区域 C1 Gentle Warmth 明显分离（region margin=2.749）。其 calibrated cross-modal tension / audio-lyric contrast profile 被标注为 C3-T0 / modality-consistent，tension strength percentile 为 20.4%；张力强度较低，因此不把小的音频-歌词方向差解释为主要证据。综合 descriptor profile 的高权重词包括：bright、danceable、energetic、playful vitality、positive-active。,"The song is assigned to Playful Vitality and is highly prototypical, with region typicality 99.5% and assigned-region soft confidence 98.3%; it is clearly separated from the nearest alternative region, C1 Gentle Warmth (region margin=2.749). The calibrated cross-modal tension / audio-lyric contrast profile is C3-T0 / modality-consistent, with tension strength percentile 20.4%; tension strength is low, so small audio-lyric directional differences are not used as primary evidence. The top descriptor profile is: bright, danceable, energetic, playful vitality, positive-active.",7.058606007944574,3.6679527939849046,4.884528533499573,0.12672668999969622,0.344218610794865,0.9852842411389998,"{""C3-T0"": 0.9852842411389998, ""C3-T1"": 0.014715758861000313}",0.3333333333333333,0.3004694835680751
MT0002360219,Keepin' the Summer Alive,The Beach Boys,1,Gentle Warmth,prototype,False,False,False,False,True,region_prototype,0.53026,0.33189002,0.9867256637168141,0.9358207648344778,2.380185266076317,C3 Playful Vitality,0.03559068027910678,2.6932115280928506,0.18347277823615812,3.3685742908452827,2.5636580443124752,0.025319147564750843,0.9358207648344778,0.0032694073216642462,0.03559068027910678,C1-T1,lyric-brightened + lyric-intensified,0.376,0.17339998,0.41405743,0.11693548387096775,0.971976401179941,0.9911504424778761,0.7949852507374632,"[{""descriptor"": ""calm-positive"", ""raw_descriptor_score"": 0.923398, ""display_descriptor_weight"": 1.0, ""weight"": 1.0}, {""descriptor"": ""gentle warmth"", ""raw_descriptor_score"": 0.923398, ""display_descriptor_weight"": 1.0, ""weight"": 1.0}, {""descriptor"": ""romantic"", ""raw_descriptor_score"": 0.923398, ""display_descriptor_weight"": 1.0, ""weight"": 1.0}, {""descriptor"": ""soft"", ""raw_descriptor_score"": 0.923398, ""display_descriptor_weight"": 1.0, ""weight"": 1.0}, {""descriptor"": ""warm"", ""raw_descriptor_score"": 0.923398, ""display_descriptor_weight"": 1.0, ""weight"": 1.0}, {""descriptor"": ""lyric valence uplift"", ""raw_descriptor_score"": 0.481687, ""display_descriptor_weight"": 0.521646, ""weight"": 0.521646}, {""descriptor"": ""lyrics brighten the affect"", ""raw_descriptor_score"": 0.481687, ""display_descriptor_weight"": 0.521646, ""weight"": 0.521646}, {""descriptor"": ""lyric arousal intensification"", ""raw_descriptor_score"": 0.386353, ""display_descriptor_weight"": 0.418404, ""weight"": 0.418404}]",0.923398,1.0,该歌曲属于 Gentle Warmth 区域，是高度原型样本；region typicality 为 98.7%，其 balanced VA 位置相对该区域原型的 soft confidence 为 93.6%。该样本与最近替代区域 C3 Playful Vitality 明显分离（region margin=2.380）。其 calibrated cross-modal tension / audio-lyric contrast profile 被标注为 C1-T1 / lyric-brightened + lyric-intensified，tension strength percentile 为 97.2%；歌词侧相对音频侧更明亮/更正向；歌词侧更激活。综合 descriptor profile 的高权重词包括：calm-positive、gentle warmth、romantic、soft、warm。,"The song is assigned to Gentle Warmth and is highly prototypical, with region typicality 98.7% and assigned-region soft confidence 93.6%; it is clearly separated from the nearest alternative region, C3 Playful Vitality (region margin=2.380). The calibrated cross-modal tension / audio-lyric contrast profile is C1-T1 / lyric-brightened + lyric-intensified, with tension strength percentile 97.2%; the lyrics are brighter or more positive than the audio; the lyrics are more activating. The top descriptor profile is: calm-positive, gentle warmth, romantic, soft, warm.",3.221158789697412,0.24480842277581255,3.966287883486123,2.5999126794314007,2.0370515012224546,0.9854738651962442,"{""C1-T0"": 0.014526134803755746, ""C1-T1"": 0.9854738651962442}",0.9911504424778761,0.7684365781710915
MT0000151451,Love You 'Till the End,The Pogues,1,Gentle Warmth,prototype,False,False,False,False,True,tension_case,0.50158,0.33317,0.967551622418879,0.8936828581661612,1.9967374642113904,C0 Subdued Melancholy,0.07289336952500226,2.2535929819224667,0.2568555177110763,3.0100055979602534,2.71025867194225,0.07289336952500226,0.8936828581661612,0.00995695693271714,0.023466815376119343,C1-T1,lyric-brightened + lyric-intensified,0.16679999,0.20259999,0.26242903,0.939516129032258,0.8097345132743363,0.7640117994100295,0.8480825958702065,"[{""descriptor"": ""calm-positive"", ""raw_descriptor_score"": 0.864684, ""display_descriptor_weight"": 1.0, ""weight"": 1.0}, {""descriptor"": ""gentle warmth"", ""raw_descriptor_score"": 0.864684, ""display_descriptor_weight"": 1.0, ""weight"": 1.0}, {""descriptor"": ""romantic"", ""raw_descriptor_score"": 0.864684, ""display_descriptor_weight"": 1.0, ""weight"": 1.0}, {""descriptor"": ""soft"", ""raw_descriptor_score"": 0.864684, ""display_descriptor_weight"": 1.0, ""weight"": 1.0}, {""descriptor"": ""warm"", ""raw_descriptor_score"": 0.864684, ""display_descriptor_weight"": 1.0, ""weight"": 1.0}, {""descriptor"": ""audio-lyric contrast"", ""raw_descriptor_score"": 0.675528, ""display_descriptor_weight"": 0.781242, ""weight"": 0.781242}, {""descriptor"": ""high cross-modal tension"", ""raw_descriptor_score"": 0.675528, ""display_descriptor_weight"": 0.781242, ""weight"": 0.781242}, {""descriptor"": ""lyric arousal intensification"", ""raw_descriptor_score"": 0.675528, ""display_descriptor_weight"": 0.781242, ""weight"": 0.781242}]",0.864684,1.0,该歌曲属于 Gentle Warmth 区域，是高度原型样本；region typicality 为 96.8%，其 balanced VA 位置相对该区域原型的 soft confidence 为 89.4%。该样本与最近替代区域 C0 Subdued Melancholy 明显分离（region margin=1.997）。其 calibrated cross-modal tension / audio-lyric contrast profile 被标注为 C1-T1 / lyric-brightened + lyric-intensified，tension strength percentile 为 81.0%；歌词侧相对音频侧更明亮/更正向；歌词侧更激活。综合 descriptor profile 的高权重词包括：calm-positive、gentle warmth、romantic、soft、warm。,"The song is assigned to Gentle Warmth and is highly prototypical, with region typicality 96.8% and assigned-region soft confidence 89.4%; it is clearly separated from the nearest alternative region, C0 Subdued Melancholy (region margin=1.997). The calibrated cross-modal tension / audio-lyric contrast profile is C1-T1 / lyric-brightened + lyric-intensified, with tension strength percentile 81.0%; the lyrics are brighter or more positive than the audio; the lyrics are more activating. The top descriptor profile is: calm-positive, gentle warmth, romantic, soft, warm.",2.7413021170600658,0.3205283166406732,3.5308192754151735,2.6894581100400368,0.3176622935510146,0.8879656992456205,"{""C1-T0"": 0.11203430075437952, ""C1-T1"": 0.8879656992456205}",0.7433628318584071,0.8303834808259587
A028,I Fucking Hate You,Godsmack,2,Volatile Intensity,peripheral,False,False,False,True,False,appendix_only,0.32768,0.71267,0.004909983633387904,0.9373922519604336,0.6614680173371594,C3 Playful Vitality,0.06260168813422766,7.379168760394977,6.167758567574132,3.760634741326365,4.422102758663525,1.6548881270611902e-09,6.0582504505767106e-06,0.9373922519604336,0.06260168813422766,C2-T0,lyric-brightened,0.1523,-0.27789998,0.31689698,0.020588235294117685,0.6775777414075287,0.2602291325695581,0.03273322422258593,"[{""descriptor"": ""lyric arousal softening"", ""raw_descriptor_score"": 0.312174, ""display_descriptor_weight"": 1.0, ""weight"": 1.0}, {""descriptor"": ""lyrics soften the affect"", ""raw_descriptor_score"": 0.312174, ""display_descriptor_weight"": 1.0, ""weight"": 1.0}, {""descriptor"": ""aggressive"", ""raw_descriptor_score"": 0.234348, ""display_descriptor_weight"": 0.750698, ""weight"": 0.750698}, {""descriptor"": ""high arousal"", ""raw_descriptor_score"": 0.234348, ""display_descriptor_weight"": 0.750698, ""weight"": 0.750698}, {""descriptor"": ""negative-active"", ""raw_descriptor_score"": 0.234348, ""display_descriptor_weight"": 0.750698, ""weight"": 0.750698}, {""descriptor"": ""tense"", ""raw_descriptor_score"": 0.234348, ""display_descriptor_weight"": 0.750698, ""weight"": 0.750698}, {""descriptor"": ""volatile intensity"", ""raw_descriptor_score"": 0.234348, ""display_descriptor_weight"": 0.750698, ""weight"": 0.750698}, {""descriptor"": ""lyric valence uplift"", ""raw_descriptor_score"": 0.088163, ""display_descriptor_weight"": 0.282416, ""weight"": 0.282416}]",0.312174,1.0,该歌曲属于 Volatile Intensity 区域，是所属区域内的外围样本；region typicality 为 0.5%，其 balanced VA 位置相对该区域原型的 soft confidence 为 93.7%。该样本与最近替代区域 C3 Playful Vitality 有一定接近性，但仍保留正 margin（region margin=0.661）。其 calibrated cross-modal tension / audio-lyric contrast profile 被标注为 C2-T0 / lyric-brightened，tension strength percentile 为 67.8%；歌词侧相对音频侧更明亮/更正向；歌词侧更柔和/低唤醒。综合 descriptor profile 的高权重词包括：lyric arousal softening、lyrics soften the affect、aggressive、high arousal、negative-active。,"The song is assigned to Volatile Intensity and is peripheral within the assigned region, with region typicality 0.5% and assigned-region soft confidence 93.7%; it is moderately close to the nearest alternative region, C3 Playful Vitality, while retaining a positive margin (region margin=0.661). The calibrated cross-modal tension / audio-lyric contrast profile is C2-T0 / lyric-brightened, with tension strength percentile 67.8%; the lyrics are brighter or more positive than the audio; the lyrics soften the arousal profile. The top descriptor profile is: lyric arousal softening, lyrics soften the affect, aggressive, high arousal, negative-active.",9.85756004048376,7.246687981793103,4.113945561212273,5.557736775601049,2.390733713577064,0.727955759476531,"{""C2-T0"": 0.727955759476531, ""C2-T1"": 0.1484253297174644, ""C2-T2"": 0.12361891080600464}",0.24713584288052373,0.9214402618657938
A085-69,Dying in the Sun,The Cranberries,2,Volatile Intensity,prototype,False,False,False,False,True,region_prototype,0.33346,0.46363002,0.9328968903436988,0.9879815518040812,2.8895558039740905,C0 Subdued Melancholy,0.00571487264284555,3.2279557890318036,3.296255801341845,0.338399985057713,3.5790315471248206,0.00571487264284555,0.004573460531779212,0.9879815518040812,0.0017301150212939449,C2-T1,lyric-intensified + high cross-modal tension,-0.11249998,0.29050002,0.3115229,0.8260869565217391,0.6579378068739771,0.031096563011456628,0.9607201309328969,"[{""descriptor"": ""aggressive"", ""raw_descriptor_score"": 0.921685, ""display_descriptor_weight"": 1.0, ""weight"": 1.0}, {""descriptor"": ""high arousal"", ""raw_descriptor_score"": 0.921685, ""display_descriptor_weight"": 1.0, ""weight"": 1.0}, {""descriptor"": ""negative-active"", ""raw_descriptor_score"": 0.921685, ""display_descriptor_weight"": 1.0, ""weight"": 1.0}, {""descriptor"": ""tense"", ""raw_descriptor_score"": 0.921685, ""display_descriptor_weight"": 1.0, ""weight"": 1.0}, {""descriptor"": ""volatile intensity"", ""raw_descriptor_score"": 0.921685, ""display_descriptor_weight"": 1.0, ""weight"": 1.0}, {""descriptor"": ""lyric arousal intensification"", ""raw_descriptor_score"": 0.543327, ""display_descriptor_weight"": 0.589493, ""weight"": 0.589493}, {""descriptor"": ""lyrics intensify the affect"", ""raw_descriptor_score"": 0.543327, ""display_descriptor_weight"": 0.589493, ""weight"": 0.589493}, {""descriptor"": ""lyric valence tempering"", ""raw_descriptor_score"": 0.069385, ""display_descriptor_weight"": 0.07528, ""weight"": 0.07528}]",0.921685,1.0,该歌曲属于 Volatile Intensity 区域，是高度原型样本；region typicality 为 93.3%，其 balanced VA 位置相对该区域原型的 soft confidence 为 98.8%。该样本与最近替代区域 C0 Subdued Melancholy 明显分离（region margin=2.890）。其 calibrated cross-modal tension / audio-lyric contrast profile 被标注为 C2-T1 / lyric-intensified + high cross-modal tension，tension strength percentile 为 65.8%；歌词侧相对音频侧更暗/更负向；歌词侧更激活。综合 descriptor profile 的高权重词包括：aggressive、high arousal、negative-active、tense、volatile intensity。,"The song is assigned to Volatile Intensity and is highly prototypical, with region typicality 93.3% and assigned-region soft confidence 98.8%; it is clearly separated from the nearest alternative region, C0 Subdued Melancholy (region margin=2.890). The calibrated cross-modal tension / audio-lyric contrast profile is C2-T1 / lyric-intensified + high cross-modal tension, with tension strength percentile 65.8%; the lyrics darken the affect relative to the audio; the lyrics are more activating. The top descriptor profile is: aggressive, high arousal, negative-active, tense, volatile intensity.",4.23964541541023,3.9720456149952414,0.3815837569494845,3.905392576263652,0.542949370973072,0.9996566427094266,"{""C2-T0"": 0.0003433252764008895, ""C2-T1"": 0.9996566427094266, ""C2-T2"": 3.2014172673183385e-08}",0.1276595744680851,0.9361702127659575
